name,department,designation,qualification,research_interests,publications,email,orcid,profile_url
Dr. Lakshmanan S. A,"Department of Electronics and Communication Engineering, School of Engineering, Chennai",Chairperson | Professor | Associate Professor,"B.E, M.E., Ph.D","AI and machine learning based solutions for power electronic converter applications, Cyber resilience in smart grid ,Cryptography and Secure communication, Power electronics applications to grid integration of renewable energy sources, Control and tuning of Switched mode power converters, Electric Vehicles (EV)-chargers, BMS and converters, Advanced digital signal processing","Data-Driven Loop Filter Design Using Long Short-Term Memory Networks for Enhanced Grid Synchronization in SRF-PLL System | AI-Based energy consumption forecasting in smart homes using multi-Algorithm analysis across temporal resolutions | Modelling and Simulation of Novel IoT Based Battery Health Monitoring System for Electric Vehicle Applications | Security Analysis and Designing Advanced Two-Party Lattice-Based Authenticated Key Establishment and Key Transport Protocols for Mobile Communication | Hybrid intelligent optimization algorithms-based power management for microgrid system | Novel Approach to Degree, Balancedness, and Affine Equivalence of Boolean Functions and Construction of a Special Class of Non-Quadratic Balanced Boolean Functions | A high efficiency active X2G boost converter with hybrid optimized proportional integral controller for PV powered EV charging applications | 60({°) } Flat PWM technique for single-source switched-capacitor multilevel inverter with quadruple voltage boost and enhanced output | Optimal tuning of PI based LF for three-phase SRF PLL synchronization system using pity beetle algorithm under grid abnormalities | Explainable AI Framework Using XGBoost With SHAP and LIME for Multi-Scale Household Energy Forecasting | A Comprehensive Analysis of Three-Phase PLL-Based Grid Synchronization Methods | A New PWM Technique With Single Phase Switched-Capacitor High-Gain Multilevel Inverter for Photovoltaic Applications | Optimum Setting Algorithm Based PI Controller Tuning for SRF-PLL Used Grid Synchronization System | IoT-based Battery Health Monitoring System for Electric Vehicle | Control of distribution static compensator with active damped inductor‐capacitor‐inductor filter using dual loop αβ ‐frame current controllers for power quality improvement | Nonlinear Autoregressive Exogenous ANN Algorithm-Based Predicting of COVID-19 Pandemic in Tamil Nadu | Analysis and Control of 3-Phase VSI for Grid connected Solar PV systems under different irradiation | Smart Metering for Real-Time Power Prediction Price Forecasting and Intelligent Alerts in Modern Living Spaces | IoT Enabled Real-Time Vehicle Tracking and Alert System for Educational Transport Service | Innovative Robotic Solutions for Environmental Conservation: A Comprehensive Model for Plastic Waste Collection | AI-Driven Renewable Energy Forecasting: Comparative Analysis of ML/DL Models with Cloud Computing Integration | VLSI-Based Multi-Zone Smart Home Controller with FSM-Driven Automation Using Round-Robin Arbitration and Power Optimization | Real-Time Alcohol Detection and Engine Immobilization System using GPS for Road Safety Applications | Smart Vehicle Security System: Real-Time Tracking and Theft Prevention with IoT | Explainable AI-Enhanced Energy Forecasting Using LightGBM with SHAP and LIME Interpretability | Comparative Analysis of Hybrid GA-PSO and GWO-PSO MPPT Algorithm for Photovoltaic Systems | Interactive Smart Audio Visualizer with Real-Time Equalization and 3D Visualization | An Integrated Platform for Lie Detection and Plagiarism analysis in Interviews | Smart Safety Surveillance System: Personal Protective Equipment and Drowsiness Detection in Industrial Environments | Comparative Analysis of Algorithms for the Optimum Placement of PMUs in Power Systems | AMRIT – Alternative Machine Reasoning and Integrative Techniques for prognostics model of electric vehicles | Design and Analysis of Cascaded H Bridge Converter with ANN based SPWM Technique for EV Applications | Hand Gesture Recognition using Convolutional Neural Network | Analysis and Design of Lead-Lag Controller and Fuzzy Logic Controller for Boost Converter Applicable to RES | Design and Analysis of Current Controllers with Active Damped LCL Filter for Three-Phase Grid Connected Solar PV System | Modeling and analysis of 3-phase VSI using SPWM technique for grid connected solar PV system | Performance Analyses of Grid connected SPV system for Different MPPT Algorithms",,https://orcid.org/0000-0002-4705-8088,https://www.amrita.edu/faculty/dr-lakshmanan-s-a/
Dr. C. Ganesh Kumar,"Department of Electronics and Communication Engineering, School of Computing, Chennai",Chairperson | Professor | Assistant Professor,"M.E, Ph.D.","Edge AI for Resource-Constrained Systems, Autonomous Vehicular Systems (ADAS), Embedded Systems and Real-Time Computing Architectures, Deep Learning for Vision and Signal Processing, Smart Grid and AI-Driven Energy Systems",Sequential Dual-Model Verification for Medicinal Plant and Leaf Identification | Comparative Analysis of CNN Architectures with Explainable AI for Fish Disease Detection | Multi-Backbone Encoder Evaluation for Robust Liver Tumor Segmentation | Cross-lingual Speech Emotion Recognition for Mental Health Counselling and Aid | Real-Time Detection of Potholes and Speed Breakers for Enhanced Road Safety | IoT-Enabled Feedback System for Monitoring Indoor Air Quality in Laboratory Environments | Gesture Recognition based Home Automation for Specially-Abled People Using ESP32 CAM | Retrieval-Augmented Generation for Resume Screening using Sentence Transformers | Hardware Trojan Design and Analysis in FPGA an Introductory Exploration | Deep Learning Model for Diagnosing the Severity of Diabetic Retinopathy | Energy Efficiency of Embedded Controllers Through DVFS | CrackVision: A Fusion of Deep Learning and Image Processing for Comprehensive Wall Crack Detection and Analysis | Epilepsy Detection Using Embedded Machine Learning | Smart Agro-Industrial Monitoring System Using Multi-Sensors and ESP-NOW Protocol | Recent advancements in Wireless Sensor Networks for Air Pollution Monitoring: A Survey Report of 2021-2022 | AIoT-based Smart Cart System | Blur Classification and Estimation of Motion Blur Parameters Using OLR | Mining Based Device Control for Home Automation | Load Scheduling for Smart Homes using ANFIS | MTCMOS Vs SVL in Built-In High-Speed Sensors for Digital Interconnected Signals | A Power Reduction Technique in Built-In High-Speed Sensor for Digital Interconnect Signals | A Multi-Threshold CMOS Technique in Built-In High-Speed Sensor for Digital Interconnect Signals | SpectroFusionNet a CNN approach utilizing spectrogram fusion for electric guitar play recognition | A robust dataset for surgical instrument detection to aid autonomous robotic surgery | Naïve Bayes Classifier Enabled Home Energy Management Scheme for Cost-effective End-user Comfort | Supervised Electricity Tariff Prediction using Random Forest validated through User Comfort and Constraint for a Home Energy Management Scheme | An Optimized Methodical Energy Management System for Residential Consumers Considering Price-Driven Demand Response Using Satin Bowerbird Optimization | Demand response management system with discrete time window using supervised learning algorithm | A Multi-Threshold CMOS Technique in Built-In High-Speed Sensors for Digital Interconnect Signals,c_ganeshkumar@ch.amrita.edu,https://orcid.org/0000-0002-3239-0803,https://www.amrita.edu/faculty/c-ganeshkumar/
Venkatakrishnan K. S.,"Department of Electronics and Communication Engineering, School of Engineering, Chennai",Professor,"M.E., B.E.",,,,,https://www.amrita.edu/faculty/venkatakrishnan-k-s/
Dr. P. Jothilakshmi,"Department of Electronics and Communication Engineering, School of Engineering, Chennai",Professor | Associate Professor,"M.E., Ph.D.","Microwave Antennas, Communication systems, RF and Microwave Engineering, Electromagnetic Interference and Compatibility","Cross-Platform Women Safety Mobile Application with Real-Time Alert System and GPS Tracking | Comparative Analysis of Inner Slot Loading in Square Patch Reflectarray Elements | Compact High-Frequency Antenna Design for 25.72 GHz Short-Range Radar Systems | Simulation-Based Study of a Tilted 1×8 Microstrip Antenna Array in the X-Band | Design and Optimization of a Miniaturized 31.3 GHz Microstrip Patch Antenna for CubeSat Communications | CNN-Based Semantic Communication System | Performance Assessment of 1×4 Linear Leaf Shaped Versus Square Shaped Patch Antenna Arrays | Machine Learning-Assisted Design and Optimization of a Mirrored U-Slot Patch Antenna for Millimeter-Wave Applications | Advanced Skin Disease Detection: A Deep Learning Approach with Real-Time Deployment | Technical Review on Textile Antenna | Antenna for 5G Wireless Communication | Comparative Analysis of Various CNN Models for Thyroid Nodule Classification Using Ultrasound Images | Multi-Model Indoor Localization: Fixed Node, Rotating Node and Trilateration for Accurate Positioning | RTOS Enabled Smart Coolant Disposal System for Lathe Machine | Design of Reflect array Unit Cell for Ku Band Uplink Frequency | Design of Reflectarray Unit Cell for Ku Band Satellite Communication | Design of 1×2 Phased Array Antenna for Satellite Communication | Implementation of Phased Array Antenna for Meteorological Applications | Design of Phased Array Antenna for X Band Applications | Compact S Shaped Spiral Antenna for C-Band Applications | Low Profile Wideband Logarithmic Spiral Antenna | Design of Multi-Band Fractal Antenna | Design of Frequency Reconfigurable Antenna Using a Defective Ground Structure for Wireless Applications | Design and Implementation of Pattern Reconfigurable Antenna for Microwave Application | Design of Metasurface Wide Band Antenna for C Band Applications | Design of Multilayer Stacked Patch Antenna for C and X Band Applications | Frequency Reconfigurable Antenna for Cognitive Radio Applications | Fractal Antenna For X-Band Weather Radar Applications | Compact Low Profile Metasurface Wideband Antenna for C Band Applications | Compact Frequency Reconfigurable Antenna for Wireless Applications | Frequency Reconfigurable Antenna for WLAN Application | Design and Implementation of Frequency Reconfigurable Antenna for Satellite Application | Frequency and Polarization Reconfigurable Antenna for WiMAX Applications | Design and Comparison of Slotted Patch Antenna with EBG Structure | Design of ‘I’ shaped Conformal Antenna with Defected Ground plane for Aircraft Applications | Design of Conformal Antenna for Aircraft Applications | A Low Profile Compact Metasurface Wideband Antenna for Satellite Communications | Design of Decagonal Wide Band Fractal Antenna | Frequency Reconfigurable Microstrip Patch Antenna for Multiband Wireless Applications | Design and Implementation of Phased Array Antenna using BST Varactor for Satellite Communication | Design and Implementation of Modified Wideband Antenna Array Using Defected Ground Structure (DGS) for Ultra-Wide Band Applications (UWB) | Design of Elliptical Slotted Microstrip Patch Antenna for Mobile Communications | Design of Multilayer Microstrip Patch Antenna for WiMAX Applications | Design and Implementation of Antenna-Filter-Antenna based on Multilayer Frequency Selective Surface | Design and Analysis of Circular Patch Fractal Antenna for Radar Application | Performance Enhancement of Modified Multiband Stacked Microstrip Patch Antenna for Wireless Communication | Design and Analysis of Square Patch Fractal Antenna for C-Band Application | Design and Analysis of Sierpinski Based Fractal Antenna For WIMAX and WLAN Applications | Design and Analysis of Aperture Coupled E-Shaped Patch Antenna Using Wearable Textile Substrates | Simulation and Analysis of Triangular Patch Fractal Antenna for RFID Application | Design and Analysis of Wearable Textile Spork Shaped Patch Antenna | Circular patch with Star Triangular Fractal Antenna for SWB applications | A High Frequency-Reconfigurable MultiLayerMicrostrip Patch Antenna HFRMPA | Development and Performance Improvement in Multiband Coaxial Continuous Transverse Stub Array Antenna for Satellite Application | Design and Implementation of Reconfigurable Microstrip Antenna | Development of Modified Multiband Antenna for Wireless Communication | Modified Multiband Co-axial Continuous Transverse Stub (CTS) Antenna Array for Satellite C-Band and X-Band Application | Performance Enhancement of Multiband Un-Even Shaped Co-Axial Continuous Transverse Stub Antenna Array for Wireless Applications | An Efficient High Gain Omni Directional Antenna for Military and Space Applications | Novel A-Shaped Co-axial Continuous Transverse Stub (CTS) Antenna Array for Wireless Communication | Simulation of Quad Band Continuous Transverse Stub Antenna Array for Wireless Applications | Performance Enhancement of Various Microstrip Patch Antennas | Design of Tuning Fork Shape Microstrip Patch Antenna | Development of Multiband Antenna for High-Frequency Applications | Modified high frequency omnidirectional antenna for wireless communication | Multiband CTS V-Shaped Antenna Array for Wireless Communication | Inclined CTS Antenna Array for Wireless Application | Performance Enhancement of X-Shaped Continuous Transverse Stub Antenna Array | Modified High Frequency Omni directional Antenna For Wireless Communication | Performance Enhancement of Continuous Transverse Stub Antenna Array with Monopole Termination | Modified E-Shaped Microstrip Patch Antenna for Wireless Communication | E-Shaped Beveled Micro Strip Patch Antenna With Parasitic Patch For Millimeter Wave Applications | Coaxial V-Shaped CTS Antenna Design | Design of OFDM using Adaptive Turbo Codes | Lookup Table Based Method to Reduce the Peak-to-Average Power in MIMO OFDM System | Channel Estimation and Reception of MIMO OFDM System | Analysis of Bandwidth and Bit Error Rate of OFDM using QAM Modulation and Diversity Techniques | Performance Enhancement of OFDM using Diversity Technique | Simulation of Flower Shaped Antenna for X-Band Applications | Thermal optimization of a double-slope solar still using nano-enhanced PCM: a response surface methodology approach | Corporate-fed Inclined Patch Arrays for Meteorological Direct Broadcast Reception | Physics-encoded machine learning for performance and emission prediction of nickel ferrite nanocatalyst and hydrogen-enriched biodiesel in diesel engines | Compact coradiator dual polarized MIMO antenna for future 5G, emerging 6G and IoT applications | A comparative study of range based and range free algorithms for node localization in underwater | Optimized Distance Vector Hop Localization Based on Pelican Optimization Algorithm in Underwater Wireless Sensor Networks | Coaxial Pin-fed Multiband Fractal Square Antenna for Satellite Application | Modified Minkowski Multiband Fractal Antenna for Satellite Applications | Prediction of Traffic Flow by Sequencing Spatial–Temporal Traffic Dependency on Highways | Compact Coradiator MIMO Antenna for Super Wideband Applications | Design of a Wideband CPW Fed Fractal Antenna for Satellite Communication | Traffic Time Series Forecasting on Highways – A Contemporary Survey of Models, Methods and Techniques | 2.4 GHz and 5.2 GHz Frequency Bands Reconfigurable Fractal Antenna for Wearable Devices using ANN | Multifold Bandwidth Improvement in ConformalPatch Antenna for AircraftApplication Using Corrugated Edge Coupling | Compact Elliptical Spiral Antenna, for C band Applications | A Design of Bandwidth Enhanced Conformal Antenna for Aircraft Applications | Prediction of Traffic Volume by Mining Traffic Sequences Using Travel Time based Prefix span | A Novel Gain Enhanced Conformal Patch Antenna with Defected Ground for Aircraft Applications | Design of Frequency Reconfigurable Array Antenna for Cognitive Radio Applications | Design and Implementation of Wideband Antenna Using Semi Elliptical Ground Plane for Ultra-Wideband Application | Design and analysis of Circular Patch Fractal Antenna for Radar Application | Implementation of a Miniaturized Single Element Co-axial Continuous Transverse Stub Antenna for Microwave Application | Design of Double Inclined Co-Axial Continuous Transverse Stub Antenna Array for Wireless Communication | Performance Enhancement and Implementation of Aperture Coupled Fractal Antenna for WIMAX and WLAN Application | Analysis of Different Wearable Textile Substrate Using Aperture Coupled Microstrip Patch Antenna for ISM Band | Design and Implementation of Reconfigurable Microstrip Patch Antenna for S-Band Applications | A Novel Coaxial Continuous Transverse Stub Antenna Array for High-Frequency Satellite Applications | Miniaturised Multiband Two-Element Coaxial Transverse Stub Antenna for Satellite C-band Applications | Design and Analysis of Miniaturized Multiband High Frequency Antenna for K and Ka Band Applications | Design and Development of Quad-Band H-Shaped Microstrip Patch Antenna for WiFi and LTE Applications | Real-time Weed Recognition Robot using Machine Learning for Smart Farming | Design of Smart Weed Detection and Evacuation Robot Using TensorFlow Model Maker",p_jothilakshmi@ch.amrita.edu,https://orcid.org/0000-0002-8276-8640,https://www.amrita.edu/faculty/p-jothilakshmi/
Dr. Srikant K. M.,"Department of Electronics and Communication Engineering, School of Engineering, Chennai.",Professor | Assistant Professor,"B.E., M.Tech., Ph.D","Emerging Semiconductor Memory Devices for Non-Volatile Data Storage, Memristor based Neuromorphic Computing, Thin-film Transistor for Future Display Application, System-On-Chip Design and Verification",Emulating Pain Perception Using a Cation Migration-Induced Threshold Switching Ag/TaOx/Pt Memristor | A Bio Inspired Artificial Nociceptor based on Ag/TaOx/Pt Threshold Switching Memristor | Electrode engineering for stable and reliable Resistive Switching in Ag-Based ECM | A Timestamp-Based Strong Designated Verifier Signature Scheme for Next-Generation Network Security Services | Test bench automation to overcome verification challenge of SOC Interconnect | Surface engineered Schottky contact for boosting performance parameters of Al-doped ZnON thin-film transistors | RETRACTED ARTICLE: Effect of oxygen concentration in ZnO-based transparent flexible memristor synapse | Controlling diffusion dynamics with electrode engineering for stable and reliable resistive switching in AlN/Ag-based CBRAM | High-mobility and low subthreshold swing amorphous InGaZnO thin-film transistors by in situ H2 plasma and neutral oxygen beam irradiation treatment | Uniform resistive switching and highly stable synaptic characteristics of HfOx sandwiched TaOx-based memristor for neuromorphic system | Investigation of Barrier Layer Effect on Switching Uniformity and Synaptic Plasticity of AlN Based Conductive Bridge Random Access Memory | Role of in-situ hydrogen plasma treatment on gate bias stability and performance of a-IGZO thin-film transistors | Microwave and furnace annealing in oxygen ambient for performance enhancement of p-type SnO thin-film transistors | Interface Engineering for 3-Bit per Cell Multilevel Resistive Switching in AlN Based Memristor | Thermal Management of GaN-on-Si High Electron Mobility Transistor by Copper Filled Micro-Trench Structure,km_srikant@ch.amrita.edu,https://orcid.org/0000-0001-7209-5406,https://www.amrita.edu/faculty/srikant-km/
Dr. Sita Devi Bharatula,"Department of Electronics and Communication Engineering, Amrita School of Engineering, Chennai.",Professor | Assistant Professor,"BE, M.E, Ph.D","Wireless Networks, 5G and Beyond 5G, Signal Processing, Quantum Communications","Deep Learning-Driven Water Body Mapping Using Yolo Framework | Computer Vision-Based Detection and Classification of Welding Defects | Optimized FPGA Architectures for High-Speed NTT Computation | High-Performance Digital Circuit Architectures for Accelerated Number Theoretic Transform Computation | ConvNeXt-Small: An Automated Deep Learning Method for Detecting Papaya Leaf Disease Using the BDPapayaLeaf Dataset | Design And Implementation of Monopole Antenna For Receiving Weather Satellite Images | IoT-Enabled Weather Monitoring System for Precision Agriculture and Smart Farming Decisions | Chaos-Enhanced Approach To Audio Fingerprinting for Robust Music Identification | Real-Time Smart Notice Board Using ESP8266 for IoT-Enabled Communication | Compact MIMO Antenna with Dual-Band Operation for 5G and WiFi Devices | Efficient Arbitration Techniques for Next-Generation Communication Buses | Optimizing Spectrum Usage in Ultra-Dense Wireless Communication Systems | Digital Twin for Predictive Modelling in Smart Farming Based on Ensemble Neural Network Algorithm | Gesture-Controlled Mobile Robotic Arm with Vision-Based Object Retrieval for Differently Abled | Effect of Activation Functions on Fine-Tuned MobileNetV2 Performance in Multiclass Leaf Classification | A Synergistic Cyber-Physical Framework for Motorcyclist Safety: Integrating Automated SOS, Heads-Up Navigation, and Hands-Free Communication | A Unified LPWAN Gateway and IEEE 802.15.4g Mote for Enhancing Indian Smart City Networks | Implementing Traffic Engineering in MPLS Networks Using Resource Reservation Protocol | Implementing Border Gateway Protocol in MPLS Using Layer 3 VPN | GestureFlow: A Novel Hand Gesture Control System for Interactive Gaming | Design and development of Reversible Comparator Circuit using Qiskit | Enhancing Combinational Circuit Design through Leveraging the CSWAP Gate in Quantum Computing for Improved Performance and Accuracy | Smart Bus Transportation System | Optimizing Task Scheduling in Multi-thread Real-Time Systems using Augmented Particle Swarm Optimization | An Area-Efficient VLSI Architecture with Ladner-Fischer PPA for High-Speed Pseudo-Random Bit Generation | Monitoring Digital Twin Framework for Controlled Environment Agriculture Using Deep Learning and Edge Computing | Design and Implementation of a Secure and Accurate Electronic Voting Machine Using Verilog on Zynq FPGA | IoT-Based Smart Irrigation System Based Adaptive Radial Deep Neural Network (ARDNN) Algorithm Applicable for Various Agricultural Production | A Novel Spectrum Sensing Technique for Multiple Network Scenario | Novel Mathematical Model for Traffic Signal System Using Adaptive Queue Length Method | Innovative Fuzzy-Based Spectrum Sensing Technique for Noisy Conditions | Novel Mathematical Model for Traffic Signal System Using Adaptive Queue Length Model | Digital Readiness Index—Empowering the Nation | Road Sign Detection Using Rfid | Design of Partitioned VLSI systems for reliable processing | Efficient Multi Stage Spectrum Sensing Technique for Cognitive Radio Networks Under Noisy Condition | Design of Cognitive Radio Network for Hospital Management System | An Intelligent Fuzzy Based Energy Detection Approach for Cooperative Spectrum Sensing | Secure Communication in Low SNR using MIMO Technique | ENCRYPTION METHOD FOR SECURE DATA TRANSMISSION USING DNA BASED CRYPTOGRAPHY | Efficient Channel Allocation Schemes for Cognitive Radio Networks | A Novel Energy Detection Scheme for Spectrum Sensing in multiple Network Scenario | IOT Based Tampered Energy Meter Monitoring | Airial Rope Transit Robot for surveillance Capability | Haptics and Pattern Controlled Robot | People’s Judgments of Human and Robot Behaviours | Organic Solar Cells: Limitations, And Possibilities for Improvement | Paper Battery | Innovative Fuzzy based spectrum sensing technique for noisy conditions | An Efficient Method of Band Pass Sampling for Down Conversion of RF Signals | Dynamic Allocation of Bandwidth in NG-SDH Networks | Analysis of Signal Processing in WCDMA Radio Network System | Convergence of IPv6 Network Through IPv4 Network | An Efficient Method of Band Pass Sampling for RF signals | Radio Frequency Planning & Optimization | Recent Trends in Communication Techniques | Mathematical Characterization of Interference in uplink OFDMA system | Characterization of Interference in an OFDM system with timing and frequency offset",b_sitadevi@ch.amrita.edu,https://orcid.org/0000-0001-7022-1026,https://www.amrita.edu/faculty/b-sitadevi/
Dr. Ravichandran M.,"Department of Electronics and Communication Engineering, School of Engineering, Chennai",Professor | Assistant Professor,"Ph.D., M.Tech., B.E.","IoT, Embedded Systems, Autonomous Vehicles, Intelligent Transport Systems, Network Security (IDS), BlockChain Technology, Biomedical Engineering","Impact Detection System using Force Sensing Resistor: A Comsol Based Analysis | Engine Lock for Helmet Less Driving with Traffic Sign Alert System | SafeRide: Smart Crash Detection for Two-Wheeler Riders | Smart Sneaker for Enhanced Mobility of the Visually Impaired | Motorcycle Rider Accident Crash Impact Detection using Force Sensing Resistor – A COMSOL based Analysis | IOT-Based ECG Monitoring System for Remote Healthcare Applications | Enhancing Migraine Diagnosis and Classification with TabNet: A Data-Driven Approach | Smart Traffic Control: Adaptive Signal Management Based on Real-time Lane Detection using YOLOv8 | IOT Based Energy Monitoring and Optimization for Household Appliances | Enhanced CNN Architecture with Comprehensive Performance Metrics for Emotion Recognition | Efficient Vehicle Detection and Classification using YOLO v8 for Real-Time Applications | Alzheimer’s Disease Detection Using Transfer Learning: Performance Analysis of InceptionResNetV2 and ResNet50 Models | Leaf Disease Detection using CNN, MobileNet, DenseNet, SVC, Resnet-50, ANN | Flying Robot | Autonomous Rover for Landmine Detection in a Battle Field | Internet Speed-o-Meter with Link Failure Alert Circuit | Food Detector with Calorific Value Estimator | Identification of Portscan Attack in a Wireless LAN through Anomaly Detectio | Implementation of Intrusion Detection System and its Behaviour Modeling Using Fisher Linear Discriminant Analysis | Parallel Vector Processing for Anomaly Based Intrusion Detection in Network Processor | Anamoly Based Intrusion Detection System based on Genetic Neural Network Using FPGA’s with On-Chip Network Interface | Processor Performance Enhancement using Self-Adaptive Clock Frequency | Analysis and Performance Improvement of Coexistence Management Schemes for Bluetooth and WLAN | SACOM: Secure Ant Colony Optimization for MANETs | HPRAAM: Hybrid Parallel Routing Algorithm using Ant Agents for MANETs | AR RAAM: A Reliable Routing Algorithim Using Ant Agents for Manets | RAAM: Routing algorithm using ant agents for manets | Secure Content Processing and Distribution by Intermediaries | Misbehavior Resilient Multi-Path Data Transmission in Mobile Adhoc Networks | A Vehicular Overspeeding Detector and Controller | Controlled Flooding Search Strategies for a Node or an Object in a Large Network to exploit File Sharing Heterogeneity | Misbehavior Resilient Multi-Path Data Transmission in Mobile Ad-hoc Networks | A software based approach for detecting Intrusion in Wireless Adhoc Networks | A Software Based Approach for Detecting Intrusion in Wireless Ad Hoc Networks | A Self Learning Algorithm for Anomaly Based Intrusion Detection System using Genetic Neural Network | A Technique to Parallelize Network Intrusion Detection using Multicore Network Processors | Efficient Classifier for R2L and U2R Attacks | Processor Performance Enhancement Using Self-Adaptive Clock Frequency | HPRAAM – Hybrid Parallel Routing Algorithm using Ant Agents for MANETs",m_ravichandran@ch.amrita.edu,https://orcid.org/0000-0003-2120-4830,https://www.amrita.edu/faculty/ravichandran-m/
Dr. Amirthalakshmi T. M.,"Department of Electronics and Communication Engineering, School of Engineering, Chennai.",Professor | Assistant Professor,"B.E., M.Tech., Ph.D., Post Doc (London)",,Predictive analysis of wind power using bi-directional permutation enhanced LSTM-RNN on SCADA dataset | Co-operative deep belief fused deep neuro-fuzzy network for water depth-aware content caching model in underwater IoT | Grey Wolf Optimization-Based Artificial Neural Network in the Development of an Automated Heart Disease Prediction Model | The role of interface energetics in Sb2Se3 thin film solar cells | Quality of Service Management for Fast Data Transmission in Industrial Mobile Communications Using PSO-Based Computer Vision Technique | Demodulating an acoustic signal stimulated by photo-thermal elastic energy conversion using quartz tuning forks | QoS Management in Industrial Mobile Communication Using PSO-Based Vision Technique | LOBO Optimization-Tuned Deep-Convolutional Neural Network for Brain Tumor Classification Approach | Multi-label Text Categorization using Error-correcting Output Coding with Weighted Probability | Accessible residual energy based efficient routing in MANET | Automated Recognition of Cancer Tissues through Deep Learning Framework from the Photoacoustic Specimen | Multi-label text categorization using ECOC with weighted probability | Ontological representation of image processing methods for coronal hole material segmentation centered on physical restrains using multi-modal scheme | Design of low power reversible nano multiplier using single electron transistor | Efficient routing in MANET using residual energy | Classification of Age and Gender Based On Artificial Neural Network Using Haar Cascade Algorithm | Classification of COVID-19 Cases using Deep Neural Network based on Chest Image Data through WSN | Artificial Deep Neural Network in Hybrid PV System for Controlling the Power Management | The Numerical Algorithms and Optimization Approach Used in Extracting the Parameters of the Single-Diode and Double-Diode Photovoltaic (PV) Models | A Novel Approach in Hybrid Energy Storage System for Maximizing Solar PV Energy Penetration in Microgrid | Optimization of Solar Hybrid Power Generation Using Conductance-Fuzzy Dual-Mode Control Method | Highly Sensitive Measurement of Oxygen Concentration Based on Reflector-Enhanced Photoacoustic Spectroscopy | Breast carcinoma analysis by broadband antennas with composite test-beds | Breast carcinoma analysis using broadband antennas | Gain enrichment of wideband antenna utilized on artificial magnetic conductor surface | An Effectual Plant Leaf Disease Detection using Deep Learning Network with IoT Strategies | A Short-Term Solar Photovoltaic Power Optimized Prediction Interval Model Based on FOS-ELM Algorithm | Design and analysis of low power 8-bit ALU on reversible logic for nanoprocessors | Design of Low Power Reversible 8-Bit Adder/Subtractor Using Single Electron Transistor for Nanoprocessors | Design Of Low Power Reversible Compressors Using SET | The Upcoming VLSI-Based Integrated Circuits: A Survey of Nanodevices | An Effective Neural Network Assisted Melanoma Disease Prediction based on Dermoscopy Images | Design of SDCA using RSSI for mid-air collisions | Effective control of non linear parameters using artificial intelligence | Design of Low power four function 8-bit ALU for nano based systems,tm_amirthalakshmi@ch.amrita.edu,https://orcid.org/0000-0002-9760-1392,https://www.amrita.edu/faculty/amirthalakshmi-tm/
Dr. N. Aishwarya,"Department of Electronics and Communication Engineering, School of Engineering, Chennai",Professor | Assistant Professor,"Ph.D., M.E., B.E.",Signal and Image Processing Computer Vision Deep Learning and Applied Artificial Intelligence Sensor Analytics and Multimodal Data Processing Edge AI Systems Generative AI and Emerging AI Paradigms (including Quantum AI),AI-Based Fish Species Classification Using Phenotypic Features | A Hybrid Deep and Handcrafted Feature Fusion Approach for Automatic Diabetic Retinopathy Grading | A Hybrid Approach using modified ResNet18 for Marine Mammal Sound classification | Cost-Effective Way of Making Piped Drinking Water Distribution Sustainable in Rural Areas | Underwater Fish Detection Using YOLOv11 and YOLOv12 | SmartBP: Contactless Blood Pressure Monitoring via Remote Photoplethysmography | A Deep Learning Model for Real-Time On-Device Marine Oil Spill Detection | From Bytes to Pixels: Robust Malware Classification Using Deep Neural Networks | Deep Learning-Based Comparative Analysis for Pes Planus Classification in Diagnostic Imaging | Cross-lingual Speech Emotion Recognition for Mental Health Counselling and Aid | Dragon Fruit Maturity Detection and Quality Grading with Scalable Deep Neural Networks | Transformer-Based Deep Learning Approach for Potato Leaf Disease Classification | Remote Photoplethysmography (rPPG) for Contactless Blood Oxygen Saturation Monitoring | Conformal Microwave Sensor for Enhanced Driving Posture Monitoring and Thermal Comfort in Automotive Sector | Secure encryption of satellite images using s-box based two-fish algorithm and a novel chaotic map | A Deep Learning Approach to Identify Fresh and Stale Fruits and Vegetables with Yolo | Skin cancer diagnosis using Yolo deep neural network | Banana Ripeness Classification with Deep CNN on NVIDIA Jetson Xavier AGX | Real-time Prostate Cancer Detection via YOLO-Tiny Variants | Neural Style Transfer Based Infrared-Visible Fusion | MRI-SPECT Image Fusion with Coupled Sparse Dictionary | CT- MRI Image Fusion Using Multi-Measure Enhancement | Contrast Enhanced Multi-Modal Image Fusion using Top hat Transform and Sparse Dictionary | Multi-Objective Butterfly Optimization for Feature and classifier parameter’s selection in Diagnosis of Heart Failure types using CMR images | IoT Enabled Detection and Notification system for Potholes and Road Cracks | Infrared and Visible Images Fusion Using Object Region Detection and DWT | Multi-focus Image Fusion using Discrete Wavelet Transform and Sparse Representation | Multi-focus image fusion using multi structure top hat transform and image variance | Entropy powered image fusion using multiscale toggle contrast operator | YOLOSkin: A fusion framework for improved skin cancer diagnosis using YOLO detectors on Nvidia Jetson Nano | SpectroFusionNet a CNN approach utilizing spectrogram fusion for electric guitar play recognition | A robust dataset for surgical instrument detection to aid autonomous robotic surgery | Optimization for next generation laptops enhancing performance and compactness | OCRNet a robust deep learning framework for alphanumeric character recognition to assist the visually impaired | Potato Leaf Disease Detection and Classification With Weighted Ensembling of YOLOv8 Variants | A Computationally Efficient Speech Emotion Recognition System employing Machine learning Classifiers and Ensemble learning | Smart farming for detection and identification of tomato plant diseases using light weight deep neural network | NSCT and focus measure optimization based multi-focus image fusion | Improving the Energy Efficiency by Mobile Sink Based Data-Gathering for Heterogeneous WSN’s | Detection of Brain Tumor by Image Fusion based on Convolutional Neural Network | An Image Fusion Framework using Morphology and Sparse Representation | A novel multimodal medical image fusion using sparse representation and modified spatial frequency | Visible-Infrared image fusion using DTCWT and Adaptive combined clustered dictionary | An Image Fusion Framework using novel dictionary based Sparse Representation | A Hybrid Transformer – Classifier Technique for Guitar Play Recognition | Photobook Creation Using Face Recognition and Machine Learning | Adaptive dictionary-based fusion of multi-modal images for health care applications,n_aishwarya@ch.amrita.edu,https://orcid.org/0000-0003-4054-6801,https://www.amrita.edu/faculty/dr-n-aishwarya/
Dr. P. Mathivanan,"Department of Electronics and Communication Engineering, School of Engineering, Chennai",professor | Assistant professor,"BE, M.E, Ph.D","Data Hiding (Steganography and Cryptography), Signal Processing & Image Processing, Machine Learning & Deep Learning, Computer Vision, Chaotic Systems & Nonlinear Dynamics",Dynamic multi-layered image encryption scheme using user driven chaotic sequences | Bio-inspired thermal nociception in second-order memristors for DFU screening | Hybrid inter woven scrambling with spiral shell 3D hyperchaotic diffusion for secure color image encryption | A robust color image encryption scheme with complex whirl wind spiral chaotic system and quadrant-wise pixel permutation | A modified Astable multi-vibrator-driven 3D chaotic circuit with Dual LC band stop filters | Color image encryption based on novel kolam scrambling and modified 2D logistic cascade map (2D LCM) | A color image encryption scheme using customized map | ECG steganography using Base64 encoding and pixel swapping technique | Bit Level Color Image Encryption using Logistic-Sine-Tent-Chebyshev (LSTC) map | ECG steganography based on Tunable Q-Factor Wavelet Transform and Singular value decomposition | QR Code based Color Image Stego-Crypto Technique using Dynamic Bit Replacement and Logistic Map | QR code–based ECG signal encryption/decryption algorithm | QR code based color image cryptography for the secured transmission of ECG signal | Biometric Authentication for Gender Classification Techniques: A Review | QR code based patient data protection in ECG steganography | Watershed algorithm based segmentation for handwritten text identification | Leveraging Elliptic Curve Cryptography for Efficient Hybrid Encryption in Cloud | Fall Detection for Elderly People Using RealSense Depth Camera | Enhancing Image Security Using Novel Scrambling and Chaotic Techniques with ChaCha20 Algorithm | Sign Language Recognition Through Video Frame Feature Extraction using Transfer Learning and Neural Networks | QR Code-Based Highly Secure ECG Steganography | Colour image steganography using XOR multi-bit embedding process | Conversion of 2D stegano images into a 3D stereo iniage using RANSAC | Design of Control Circuit for Torsion Bar Testing Machine | Analysis of Hand-written Image Using Feature Extraction Algorithm of Texture Images,p_mathivanan@ch.amrita.edu,https://orcid.org/0000-0002-0580-7757,https://www.amrita.edu/faculty/p-mathivanan/
Dr. M Muthulakshmi,"Department of Electronics and Communication Engineering, School of Engineering, Chennai",Professor | Assistant Professor,"B. Tech., M.E., Ph.D",Integrating data science and computational engineering with biomedical applications,"Enhanced Detection of the Monkeypox Virus Using Pretrained Deep Learning Models and Squeeze Excitation Layers | AdaFogNet: An Adaptive Preprocessing-Based Deep Learning Model for Multi-Class Fog Severity Classification | Comparative analysis of resource-efficient YOLO models for rapid and accurate recognition of intestinal parasitic eggs in stool microscopy | An intelligent ensemble EfficientNet prediction system for interpretations of cardiac magnetic resonance images in heart failure severity diagnosis | Customized Spectro-Temporal CNN Feature Extraction and ELM-Based Classifier for Accurate Respiratory Obstruction Detection | Potato Leaf Disease Detection and Classification With Weighted Ensembling of YOLOv8 Variants | Identification of systolic and diastolic heart failure progression with Krawtchouk moment feature-aided Harris hawks optimized support vector machine | An integrated multi-objective whale optimized support vector machine and local texture feature model for severity prediction in subjects with cardiovascular disorder | Cardiovascular Disorder Severity Detection Using Myocardial Anatomic Features Based Optimized Extreme Learning Machine Approach | Analysis of Myocardial Ischemia from Cardiac Magnetic Resonance Images Using Adaptive Fuzzy-Based Multiphase Level Set | Detection of Schizophrenia Disorder from Ventricle Region in MR Brain Images via Hu Moment Invariants Using Random Forest | Weed Crop Identification and Classification Using Transfer Learning with Variants of MobileNet and DenseNet | Real-Time Ai-Powered Detection and Geo-Spatial Visualization of Lumpy Skin Disease in Livestock | A Comparative Analysis of MobileNetV2, InceptionV3, and VGG19 with Different Activation Functions for Coconut Tree Disease Classification | Multi-Class Respiratory Sound Classification Using Machine Learning | Comparative Analysis of EfficientNet Models for differentiation of Ischemic and Non-Ischemic Diabetic Foot Ulcers | Emotion State Detection Using EEG Signals—A Machine Learning Perspective | Implementation of Convolutional Neural Network Malarial Cells Detection | Comparison of Deep Learning Models for Efficient Classification of Gastric Abnormalities | Manifold Cervical Abnormality Categorization using Deep Learned Features and Support Vector Machine | Real-Time Pig Vocal Analysis for Early Respiratory Infection Study | Pelican optimized extreme learning machine based prognosis of heart failure using textural patterns in CMR images | Diagnosis of acute respiratory syndromes from x-rays using customised CNN architecture | Analysis of myocardial infarction in CMR images using hybrid level set based segmentation and regional ventricle contractility analysis | Contrast Enhanced Multi-Modal Image Fusion using Top hat Transform and Sparse Dictionary | Multi-Objective Butterfly Optimization for Feature and classifier parameter’s selection in Diagnosis of Heart Failure types using CMR images | Integrated Harris Hawks Optimization Based Classifier: An Approach To Cardiovascular Disorder Prediction | Assessment of Cardiovascular Disorders Based on 3D Left Ventricle Model of Cine Cardiac MR Sequence | Local Region with Optimized Boundary Driven Level Set Based Segmentation of Myocardial Ischemic Cardiac MR Images | Secure Encryption of Satellite Images Using S-Box-Based Two-Fish Algorithm and A Novel Chaotic Map | Assistive Study on Paediatric Pulmonology With Respiratory Sounds | Effective Date Fruit Type Detection Using Activation Configuration Tuned State of the Art Deep CNN Architectures | Enhanced Coconut Tree Disease Classification Using ResNet50, EfficientNetB0, and DenseNet-201 with Comparative Analysis of Activation Functions | Comparative Study of EfficientNet and MobileNet Models for Lung Cancer Classification Using Chest CT Scan Images | Breathalytics: Deep Learning-Based Prediction of Abnormality in Respiratory Sounds using Continuous Wavelet Transform | Neuro-Cognitive Pattern Recognition: Advancements in Memory-Related Disorders Identification | Deep Learning For Enhanced Detection and Characterization Of Pulmonary Nodules | Body Weight Prediction of Goats: A Computer Vision Approach | A Squeeze-Excitation ResNet Approach for Effective Classification of Parasitic Eggs | Leveraging DenseNet Features for Machine Learning Based Lung Disease Diagnosis From X-Rays | Deep Learning Based Thyroid Tumor Prediction | Super -Resolution Performance: A Comparative Analysis of SRGAN and ESRGAN Techniques for Single Image Restoration | Hand Gesture Recognition Using EMG Sensors | An Algorithmic Approaches for Maximizing Return on Investment (ROI) Using Simple Moving Average (SMAC) | Comparing YOLOV3, YOLOV5 & YOLOV7 Architectures for Underwater Marine Creatures Detection | Deep CNN with LM learning based myocardial ischemia detection in cardiac magnetic resonance images",m_muthulakshmi@ch.amrita.edu,https://orcid.org/0000-0003-2721-0211,https://www.amrita.edu/faculty/m-muthulakshmi/
Dr. Veluchamy S.,"Department of Electronics and Communication Engineering, School of Engineering, Chennai",Professor | Assistant Professor,"B. Tech., M.Tech., Ph.D","Biometrics, Computer Vision, Deep Learning, Machine Learning, Advanced Driver Assistance System","MICH-Net: A Novel Deep Learning Architecture With African Fire Hawk Optimization for Steering Angle Prediction in an Advanced Driver Assistance System | PMFHNet: parallel Maxout feed harmonic network for road anomaly object detection in ADAS under low light conditions | HY-Deepnet : A new Optimal Deep transfer learning empowered framework for an autonomous Alzheimer’s disease detection and diagnosis system | Automated Detection of COVID-19 from Multimodal Imaging Data Using Optimized Convolutional Neural Network Model | HY-LSTM: A new time series deep learning architecture for estimation of pedestrian time to cross in advanced driver assistance system | DeepDrive: A braking decision making approach using optimized GAN and Deep CNN for advanced driver assistance systems | Rider Border Collie Optimization based Deep Convolution NN for Road Scene Segmentation & Road Intersection Classification | HE-Co-HOG and k-SVM classifier for Finger knuckle and palm print-based Multimodal Biometric Recognition | Development of High Recognition FKP System using Fractional Cuckoo Search Optimization Method | An Efficient Marine Surveillance System Using Gaussian Mixture Model | Kinship Verification System Based OnMid Level Features | System for multimodal biometric recognition based on finger knuckle and finger vein using feature-level fusion and k-support vector machine classifier | An Effective Finger Dorsal Pattern Biometric System using MBC and SIFT Schemes | A Novel Randomized Cryptographic Technique | A Novel Approach For Glaucoma Disease Using Automated Classification Method | A Novel Approach for Retinal Disease Diagnosis | An Intelligent Visual Tracking System Based on Adaptive Mean Shift Tracking Method | A Novel Approach for Near-Lossless Multichannel EEG Signal Compression | Vision based gesturally controllable human computer interaction system IEEE Digital Lib | Person authentication using hand based multimodal biometric system | A Survey on Challenges and Design Constraints in Multimodal Biometric Systems | Hand based multibiometric authentication using local feature extraction (IEEE Digital Library) | A Bridged energy utilization in wireless networks through efficient scheduling mechanism | Performance analysis of Hierarchical face recognition | A portable wireless ECG monitoring system using GSM Technique with real time detection of beat abnormalities | A Novel Approach on Satellite image restoration enhancement using object tagging OLHE | A Novel Approach for content based image retrieval using hybrid features | Monitoring of Users in Location Based Services | FPGA Implementation of MB-OFDM Using Biorthogonal Encoder | Technical Review of Multimodal biometric Systems | A New Approach of Image Registration for Biomedical Images using Saliency Information | Security System Based On Iris Recognition | JPEG-LS based Performance improvement on Biometric Authentication | Hand -Based Multimodal Biometric Authentication System | Deep Transfer Learning Empowered Facial Features based Age,Gender and Ethnicity Prediction System | Vehicle Object Detection in Traffic Environments Using Low-Light Image Enhancement | Reinforcement Empowered Deep Network Enabled Optimal Controlled Environment For Crop Yield | Adaptive Malware Detection in Android: An Active Learning and XGBoost Approach | Improving Driver Safety: A Deep Transfer Learning Framework Optimized with Jaya Algorithm for Fatigue Detection | Automated Crop Growth Monitoring and Optimizing the Yield with Reinforcement Learning | Sign Language Classification With MediaPipe Hand Landmarks | Using Self Organizing Map Find the Heart Risk Based On Body Mass Index | PPG Signal -Based Biometric Recognition For Smart Watch Locking System | To Design Low Cost Prototype Model For Measuring Temperature And Pulse Rate During Postpartum | Hand gesture recognition system for real-time application | Contactless Hand Based Multimodal Biometrics Identification System",s_veluchamy@ch.amrita.edu,https://orcid.org/0000-0001-7677-7762,https://www.amrita.edu/faculty/veluchamy-s/
Dr. Rahul S. G.,"Department of Electronics and Communication Engineering, School of Engineering, Chennai.",Professor | Assistant Professor,"B.E., M.Tech., Ph.D","IoT-Enabled Intelligent Systems, Smart Solutions for Sustainable Agriculture, Control Systems","Predictive analysis of wind power using bi-directional permutation enhanced LSTM-RNN on SCADA dataset | Screen-printed flexible electronic devices: A review | Optimal drive train management of wind turbine using LiDAR-assisted predictive control strategy | Fidelity-Guided Restoration: Balancing Noise Reduction and Texture Preservation for Enhanced Image Details | Detection of kidney stone and estimation of its size using image segmentation techniques | E-waste management in the digital era: A sustainable computing approach [Climate Change] | Advancing conservation: Internet of Things-driven initiatives for marine animal rescue due to climate changes [Climate Change] | IoT based smart and economic greenhouse monitoring and auto-tuned control system for rural farming | Improving plant disease detection using super-resolution generative adversarial networks and enhanced dataset diversity | Active power control in horizontal axis wind turbine considering the fatigue structural load parameter using psuedo adaptive- model predictive control scheme | Design of Covid19 Disease Detection for Risk Identification using Deep Learning Approach | An efficient IoT-artificial intelligence-based chronic kidney diseases prediction using temporal convolutional network (TCN) deep learning method in healthcare system | Fuzzy Logic-Based Load Frequency Control in an Island Hybrid Power System Model Using Artificial Bee Colony Optimization | Enhanced Model Reference Adaptive Control Scheme for Tracking Control of Magnetic Levitation System | Solar Powered Multi-Controlled Smart Wheelchair for Disabled: Development and Features | Weld Efficiency Analysis Using Confusion Matrix for Aluminium Metal Matrix Composites Joined by Friction Stir Welding | Temperature based spindle speed controller during friction stir welding of aluminium metal matrix composites | Fundamentals and review on material science, control theory and parametric inter-dependencies during friction stir welding of aluminium metal matrix composites | Dynamic control of welding current and welding time to investigate ultimate tensile strength of miab welded T11 tubes | Model reference adaptive controller for enhancing depth of penetration and bead width during Cold Metal Transfer joining process | Genetic algorithm optimization of process parameters for magnetic pulse welded copper–stainless steel tubular joints | Adaptive Controller to Minimize Position Disturbances of Tool Pin While Joining Aluminium Metal Matrix Composites by Friction Stir Welding | Prediction of electricity load using artificial neural network for technology tower block of vit university | Sensor Data Modelling for Anomaly Detection in Aquatic Environments | Explainable Credit Score Risk Analysis: Integrating Outlier Detection and Ensemble Modelling | A Machine Learning-Based Smart Aquaponics Framework for Sustainable Basil Cultivation | Autonomous Vehicle Traffic Flow Optimization Using AI and 5G Communication Networks | Automated Aquaponics System with AI-Based Plant Health Monitoring for Ocimum Basilicum | AI-Integrated Digital Twin for Cloud-Connected Battery Management in Electric Vehicles | Predicting Crop Yield Using XGBoost and Geospatial Data Fusion in Precision Agriculture | Ensemble Learning Approaches for Diabetes Prediction: A Performance Analysis | Machine Learning Based Smart Aquaponics System with Integrated Fish and Plant Monitoring | Fenugreek Spinach Growth through Controlled Hydroponics and Real-Time Monitoring | An Economic IoT-driven Rural Greenhouse Control System for Optimal Plant Growth | Design of Transcutaneous Electrical Nerve Stimulator Machine for Chronic Low Back Pain | Virtual Instrumentation under Supervisory Control for Safe Water Level Monitoring | Deep Optimized Smart Healthcare System for the Detection of Diabetes and Cardiovascular Ailments | Scrapetalk: Chatbot Conversation with Web Scraped Insights | Condition Monitoring of Greenhouse Farming for Controlled Environment | Predicting Fish Diseases Using Machine Learning Based on Water Quality Parameters | Fruit Quality Detection Using Machine Vision Techniques | Deep Learning Innovations for Improved Plant Leaf Disease Detection in Smart Agriculture | Integrating IoT and Deep Learning for Smart Aquaculture Management in Freshwater Aquariums | IoT-Enhanced Automatic Child Detection System for Cars | Solar Powered Wireless Power Transmission System for Electric Vehicles | Smart Social Distancing Robot for COVID Safety | Achieving Covertness in the Wireless Mode-based Communication in the IoT Connection with use of THZ Band and AWGN Channel | Virtual Instrumentation System Design for a Secured Chemical Process Industry Automation | Design of Microstrip Patch Antenna for Wearable Extravasation Detection Device for Intravenous (IV) Therapy | Slotted. Dual Band 27/37 GHz MIMO Antenna for Millimeter Wave Applications | Microwaves in Healthcare Systems for Cancer Detection | Virtual Instrumentation Based Graphical User Interface for Fermentation Bioprocess Monitoring Using LabVIEW | Curing Free, Silver Nano Ink Based Inkjet Printed Fabrics for Bio-Medical Applications | Design and Development Of Graphical User Interface To Monitor and Control a Bioreactor: Design and Development of GUI for Bioreactor | Predictive Analysis of Soil Parameters for Solar-Powered Smart Irrigation System | SRR Loaded Dual Band Patch Antenna Array For Multi User Communication | Contactless Fog based Handwash Kit for COVID Safety | Development of Virtual Instrumentation System for Industrial Power Quality Analysis | Analysis of Baroreflex Function in Cardiovascular Variability Model | Supervisory Virtual Instrumentation For Secured Chemical Process Plant Monitoring | Soldier Strap For Health Monitoring And Tracking A Proposed Solution | Model Based Cardiac Control System For The Left Heart Using LabView | Indium Tin Oxide Based Flexible Temperature Sensor For Human Body Temperature Monitoring | System identification based Plant Model Estimation of Friction Stir Welding Process for joining Aluminium Metal Matrix Composites | Advanced Power Demand Controller and Billing System Using GSM | Monitoring Indoor Mint Crop Conditions for a Controlled Environment Using IoT | IoT-Based Traffic Control System for Emergency Vehicles",sg_rahul@ch.amrita.edu,https://orcid.org/0000-0002-9921-2307,https://www.amrita.edu/faculty/rahul-s-g/
Dr. Maran Ponnambalam,"Department of Electronics and Communication Engineering, School of Engineering, Chennai",Professor | Assistant Professor,"B.Tech., M.E., Ph.D","VLSI Design and RF Circuit Design, Analog Integrated Circuits and Signal Processing, Voltage Controlled Oscillators (VCOs) and Phase Displacement, Harmonic Suppression in RF Mixers, Image Encryption using Chaotic Systems, Hardware Security and FPGA Implementation",Secure Image Encryption Using Modified AES with Lorenz Chaotic System-Based S-Box Design | Enhanced Image Security Using Chaotic Sequences and Bit-Level Block Transformations | Design and Implementation of an IEEE-Compliant Receiver for 2.45 GHz QAM Signals | Hardware Trojan Design and Analysis in FPGA an Introductory Exploration | An Area-Efficient VLSI Architecture with Ladner-Fischer PPA for High-Speed Pseudo-Random Bit Generation | Design and Analysis of Sobol Sequence Generator using gray code parallelization | Study and Analysis of the cascoded LNA with and without using inductive degeneration at the common gate for WLAN applications | Comparison of tunability and phase noise associated with injection locked three staged single and differential ended VCOs in 90nm CMOS | Single Event Upset In a 3-Bit SAR ADC | SET induced Soft-error study of two stage ADC with VCO based ADC on the second stage | Spur reduction technique for fractional-N frequency synthesizer with MASH 1-1-1-1 Sigma Delta modulator | Design and implementation of two stage 5-bit pipelined SAR ADC | Injection Locked Differential Ring VCO | Design of Control Circuit for Torsion Bar Testing Machine | Hybrid inter woven scrambling with spiral shell 3D hyperchaotic diffusion for secure color image encryption | A robust color image encryption scheme with complex whirl wind spiral chaotic system and quadrant-wise pixel permutation | A modified Astable multi-vibrator-driven 3D chaotic circuit with Dual LC band stop filters | Color image encryption based on novel kolam scrambling and modified 2D logistic cascade map (2D LCM) | A two stage cascode LNA using modified derivative superposition technique in 0.13μm HBT with an IIP3 of 2 dBm and NF of 4.8 dB for IEEE 802.11ad standard | Variable Gain Wide Band LNA in 0.13 µm Si Ge HBT with Stepped Impedance Microstrip Open Circuited Stubs for Minimum Transmission Phase Variation for WiGig Phased Array Receivers | Achieving high linearity and conversion gain in double balanced mixer with cascoded RF and LO stage | A linear high frequency gm boosting wideband LNA in 130nm SiGe HBT with minimum NF of 4.3 dB for WiGig application | Wideband inter-digitated hairpin resonating BPF with multiple CSRRs as DGS for harmonic suppression | Improving HRR and linearity in 3P-8P HRM using mixer with modified transconductance stage | Phase displacement study in MOSFET based ring VCOs due to heavy-ion irradiation using 3D-TCAD and circuit simulation,P_maran@ch.amrita.edu,,https://www.amrita.edu/faculty/dr-maran-ponnambalam/
Dr. Simhadri Ravishankar,"Department of Electronics and Communication Engineering, Chennai",Professor | Assistant Professor,"Ph.D., M.Tech., B.E.","Wireless Communications, Green Cellular Networks, Cooperative Diversity Systems, Non-Orthogonal Multiple Access, and Intelligent Reflecting Surfaces, and Signal Processing",Single Image Dehazing Using Quantization Aware Swin Transformer Based Unet Architecture | Cooperative Multi-User NOMA with Selection Combining | Performance Analysis of IRS-Equipped UAV NOMA System with Two-Cell Coordination | MediAid: Automated Healthcare and Smart Medicine Dispenser | Performance Analysis of Coordinated Multipoint NOMA Cellular Networks | Outage Performance of Device-to-Device enabled Cooperative Non-orthogonal Multiple Access | UAV based smoke plume detection system controlled via the short message service through the GSM network | A novel technique to improve the radiation pattern of TSAs by modifying the substrate | On the Performance of CoMP-Aided Downlink Cooperative NOMA Systems | Intelligent reflecting surface‐aided D2D‐enabled coordinated multipoint NOMA systems over Nakagami‐m fading channels | Sparse NMF based speech enhancement with bases update,r_simhadri@ch.amrita.edu,https://orcid.org/0000-0002-6783-8751,https://www.amrita.edu/faculty/r-simhadri/
Dr. P. Devisowjanya,,Professor | Assistant Professor,"B.Tech., M.Tech., Ph.D","Materials Engineering, Optically Transparent Antennas, Chipless RFID, Automotive Communications","Passive RFID-Based Wall Crack Detection System | Hybrid Plasmonic Metamaterial Absorber for Methane Detection | Design and Analysis of a Ladder-Shaped Textile Antenna for SAR-Compliant Driver Fatigue Detection | Design and Implementation of a MIMO Antenna System with Beam Steering Capabilities for Space-Based mmWave Communications | Design of Compact Implantable Antenna for Cardiac Leadless Pacemakers | Terahertz Sensing Using Metasurface Antenna | A Hybrid Transformer – Classifier Technique for Guitar Play Recognition | Compact Dual-Band Mimo Antenna for $2.4 / 5.8 \text{GHz}$ Wlan Applications with End-Fire Radiation for Mobile Devices | Compact and Low-Profile MIMO Antenna for 5G Wireless Performance | Design of Substrate Integrated Waveguide Antenna for Liquid Sensing | Design of Compact Circular Slotted Patch Monopole Antenna for Brain Tumor Detection | Triple Band Monopole Antenna for RFID, Energy Harvesting and Data Communication | Development of a Annular Ring Patch Antenna with Circular Polarization for Next-Generation GAGAN Receivers Application in GPS-Aided GEO-Augmented Navigation | Compact CPW-Fed Antenna Solutions For L1 Band Military Communication Devices: A Design Approach | Design of RF Sensor Towards Cervical Spondylosis Detection | Design of RF Sensor for Human Neck Motion Detection | Design of a Capacitance Coupled Antenna Array for WLAN Application | Enabling Seamless Mobility in 5G NR Networks Using NS-3 and 4G Core Integration | Wearable Knee Cap Microwave Sensor for Osteoarthritis Detection | Non-Invasive Detection of Breast Cancer Using Antipodal Vivaldi Antenna | Design of GPS Antenna for Vehicular Application | Design of Conformal Microwave Sensor for Stroke Detection | Design and Implementation of an IEEE-Compliant Receiver for 2.45 GHz QAM Signals | Dragon Fruit Maturity Detection and Quality Grading with Scalable Deep Neural Networks | Conformal Microwave Sensor for Noninvasive Sweat Analysis to Predict Electrolyte Imbalances | Optimization for next generation laptops enhancing performance and compactness | OCRNet a robust deep learning framework for alphanumeric character recognition to assist the visually impaired | Implementation of Low-Profile Multiband Planar Antenna for Internet of Vehicle Communication | Low-profile MIMO antenna for sub-6G smartphone applications with minimal footprint: an SVM-guided approach | Effective substitution of La3+ on the NiO crystal structure for the augmentation of photocatalytic tetracycline and Congo red degradation | Optically Transparent MIMO Antenna with Polarisation Diversity for Vehicular Communications | An optically transparent circularly polarized ultrahigh‐frequency radio frequency identification reader antenna | Design and development of optically transparent rectenna for RF energy harvesting applications | On the design and performance analysis of flexible planar monopole ultra wideband antennas for wearable wireless applications | An optically transparent circularly polarized ultrahigh-frequency radio frequency identification reader antenna | Multilayer thin film based optically transparent dual‐band automotive windshield antenna | An Ultra-wideband Rectenna using Transparent Vivaldi Antenna for Radio Frequency Energy Harvesting | A Novel Optically Transparent UWB Antenna for Automotive MIMO Communications | Dual-Layer Conductive Oxide Based Optically Transparent Dual-Band Antenna for Automotive Windshields | Thin film based optically transparent circular monopole antenna for wideband applications | Reconfigurable Bow-Tie Based Filtering Antenna for Cognitive Radio Applications | Design and Experimental Evaluation of a Proximity Coupled Transparent Patch Antenna for WLAN",p_devisowjanya@ch.amrita.edu,https://orcid.org/0000-0001-5176-9969,https://www.amrita.edu/faculty/p-devisowjanya/
Dr. Damodaran V.,"Department of Electronics and Communication Engineering, School of Engineering, Chennai",Professor | Assistant Professor,"B. Tech., M.Tech., Ph.D","Quantum Machine Learning and Quantum Algorithms, Edge AI and RISC-V Based Systems, Nanostructured and Sustainable Electronic Materials",Comparative Analysis of CNN Architectures with Transfer Learning for Diagnosis of Polycystic Ovary Syndrome Using Ultrasound Data | Real-Time Ai-Powered Detection and Geo-Spatial Visualization of Lumpy Skin Disease in Livestock | Design of a VLSI router for faster data transmission using buffer | Implementation of VLSI based low latency router architecture | Theoretical analysis on the carrier transport in quantum dots for longer storage memory devices | Low power VLSI design based on Adiabati Logic | A theoretical analysis on the performance of annealed InAs/GaAs quantum dot infrared photodetectors | Design of Advanced eXitensible Interface for RISC processor using Bluespec system verilog | Modelling and simulation of carrier transport in quantum dot memory device for longer data retention and minimized power consumption | A theoretical analysis of the dark current in quantum dot infrared photodetector using non-equilibrium Green’s function model | Choice of quantum dot materials for fabricating memory devices with longer storage and faster writing of information | Size optimization of InAs/GaAs quantum dots for longer storage memory applications,v_damodaran@ch.amrita.edu,https://orcid.org/0000-0001-5910-657X,https://www.amrita.edu/faculty/damodaran-v/
Dr. Gayathri M.,"Department of Electronics and Communication Engineering, Amrita School of Engineering, Chennai",Professor | Assistant Professor,"BE, M.E","Vehicular ad hoc network , ADAS (Advanced Driver Assistance Systems), Wireless Sensor Network , Agri – Internet of Things",IoT-based ESP32 System for Monitoring Hazardous Gases and Particulate Matter | EEG Signal Monitoring for AR/VR Wearable Safety | Detection and Mitigation of Sybil Attack using Trust based Authentication scheme | Anomaly Detection in IoT Networks using Graph Neural Networks | EEG-Based Identification of Huntington‘s Disease using Daubechies Wavelet features with Decision Tree Classifier | Home Automation Using Gestures and Speech Recognition | Hybrid Trust-Based Malicious Node Detection in Wireless Sensor Networks Using Dempster-Shafer Theory | An Overview of Security Services and Trust-Based Authentication Schemes in VANET | Fuzzy based Trusted Communication in Vehicular Ad hoc Network | Redefining DMAIC With AI and Real-Time Data | FATS (Fuzzy Authentication to Provide Trust-Based Security) in VANET to Mitigate Black Hole Attack | FATS-Fuzzy authentication to provide trust-based communication in VANET | Real-Time Road Accident Detection and Severity Assessment Using IoU and Deep Learning Models | Self-healing and energy-efficient cluster-based routing for sustainable wireless sensor networks | SCVAN- BKM: Swarm clustering for vehicular ad hoc network with a secure blockchain-based key management scheme | Design of CSKAS-VANET model for stable clustering and authentication scheme using RBMA and signcryption | AI-TASFIS: An Approach to Secure Vehicle-to-Vehicle Communication | A deep survey on types of cyber-attacks in VANET,m_gayathri@ch.amrita.edu,https://orcid.org/0000-0003-1102-4887,https://www.amrita.edu/faculty/gayathri-m/
Dr. Vaisshale R.,"Department of Electronics and Communication Engineering, School of Engineering, Chennai",Professor | Assistant Professor,"BE, M.E, Ph.D","Photonics Communication, Photoconductive Antennas, Optoelectronic Devices, Antennas and Propagation, RF and Microwave Photonics, Equivalent Circuit Modelling","A Hybrid Deep and Handcrafted Feature Fusion Approach for Automatic Diabetic Retinopathy Grading | Multiband Wi-Fi and Wi-Max Antenna for IOT Applications | Design and Optimization of On-Chip THz Metasurface Antenna for Non Destructive Testing Applications | Performance-Optimized H-Slot Sub-THz Antenna Array For Wireless Communication | Plasmonic Terahertz Waveguide for Bio-Sensing Applications | Performance Enhancement of Sub-Terahertz Photoconductive Antenna using Sawtooth Electrodes | Transformer-Based Deep Learning Approach for Potato Leaf Disease Classification | Evaluating Optimizers in Customized CNNs for Multi-Class Respiratory Diagnosis using Chest X-rays | A Comparative Analysis of MobileNetV2, InceptionV3, and VGG19 with Different Activation Functions for Coconut Tree Disease Classification | Email Spam Detection with Machine Learning and Vectorization | A Flexible Wi-Fi 6 Antenna with low SAR for Wearable Military Applications | Advanced Fault Detection in Industrial Machinery with MFCC-CNN | Terahertz Photoconductive Antenna for Sensing and Imaging Applications | Region of Interest and Feature-based Analysis to Detect Breast Cancer from a Mammogram Image | Parametric Analysis of Inter-combed Photoconductive Antenna for Terahertz Communication | Interdigitated Photoconductive Antenna Design and Analysis for Terahertz Wireless Applications | eart Shaped Bow-Tie Antenna for Tera Hertz Communication Applications | Interdigitated-Slot Photoconductive Antenna for Terahertz Applications | The Role of Terahertz Photoconductive Antenna in Future Healthcare Informatics | Interdigitated Photoconductive Antenna for Efficient Terahertz Generation and Detection | Parametric Investigation of Interdigitated Photoconductive Antenna for Efficient Terahertz Applications | 6G and beyond: Investigation of broadband Terahertz Interdigitated Photoconductive antenna by exploiting Laser parameters | Interdigitated photoconductive terahertz antenna for future wireless communications | Numerical Investigation and Circuit Analysis of Interdigitated Photoconductive Antenna for Terahertz Applications",r_vaisshale@ch.amrita.edu,https://orcid.org/0000-0002-5925-3315,https://www.amrita.edu/faculty/r-vaisshale/
Dr. V. Thenmozhi,"Department of Electronics and Communication Engineering, Amrita School of Engineering, Chennai",Professor | Assistant Professor,"Ph.D., M.Tech., B.E.","RF IC Design and Low Noise Amplifiers (LNA), Analog IC Design for 5G Wireless Applications, Low Power VLSI Design, FPGA and IoT applications","Power-Efficient Modified Multi-Gate High-Linear LNA for EHT Wireless Applications | Improved low noise and highly linear 5–6 GHz LNA for Wi-Fi 6/6E-IEEE 802.11ax standard 5G application | Linearity improvement of LC cross-coupled low noise amplifier for X band applications | A 60-GHz low-noise amplifier with +7.258-dBm third-order input intercept point using current reuse feed forward distortion cancellation for 5G emerging communication | A 219μW ultralow power lownoise amplifier for IEEE 802.15.n4 based battery powered, portable, wearable IoT applications | A 4-6 GHz Single-Ended to Differential-Ended Low-Noise Amplifier for IEEE 802.11ax Wireless Applications with inherent Complementary Distortion Cancellation | A Survey Onlow Power With High Performance Hybrid Full Adder | Cancelable Biometric Template Generation Using Deep Learning-Based Secure Transforms | Computationally Efficient Neonatal Seizure Detection Based on comprehensive Statistical and Spectral Features with Gradient Boosting Classifier | Low Noise and High Linear Multi Band LNA for IEEE 802.11be 5G Wireless Application | Real-Time Wild Animal Detection using YOLOv10 Algorithm | High Linear Power Efficient LNA for High-Efficiency WLAN Applications | A high linear LC cross-coupled Low Noise Amplifier for X band applications | A 624μW Variable gain amplifier with 45dB peak gain using current controlled degeneration | Optimized low power full adder design",v_thenmozhi@ch.amrita.edu,https://orcid.org/orcid-search/search?searchQuery=0000-0001-8968-0425,https://www.amrita.edu/faculty/v-thenmozhi/
Dr. Gorthala Guruprasad,"Department of Electronics and Communication Engineering , School of Engineering, Chennai",Professor | Assistant Professor,"B. Tech., M.Tech., Ph.D","Nanomaterials for Chemiresistive Gas Sensors, Environmental and Health Monitoring Technologies, DFT-Based First-Principles Modeling (Quantum ESPRESSO, Gaussian), Nanomaterials for Photodetectors and Optical VOC Sensors, Prototyping of Sensing Devices and Instrumentation Boards, EEG Signal Analysis and Vedic Sound Studies","Multifunctional Two-Dimensional Tetrazine-Based Polymer for an Inverse Electron Demand Diels–Alder Reaction and Room-Temperature NO2 Sensing | Room Temperature Detection of H2S by Two Dimensional WS2 based Chemiresistive Sensors | Room Temperature H2S Sensing by rGO-MoS2 Composite | Detection of NO₂ and 2-Nitrotoluene by MoS₂–ZnO Composite | Impact of gas flowrate on performance of chemiresistive NO2 sensors | Atomically thin-layered WS2 based resistive sensors for detection of CO and NO2 at room temperature | Mo2C-rGO Composite-Based Chemiresistive Sensor for Room Temperature NO2 Detection | Molybdenum Carbide Nanoflakes Synthesized Using a Facile Method for 2-Nitrotoluene Sensing at Room Temperature | CuO Nanoflake-Based Sensors for Detecting Linalool, Hexanal, and Methyl Salicylate | Reduced Graphene Oxide Based Electronic Sensors for Rapid and Label-Free Detection of CEA and CYFRA 21-1 | Tetrazine-based 1D polymers for the selective chemiresistive sensing of nitrogen dioxide via the interplay between hydrogen bonding and n-heteroatom interactions | Ultra-Fast NO2 Detection by MoS2 Nanoflakes at Room Temperature | Secure Data Transmission Using DNA Encryption | Resistive Sensors for Continuous Monitoring of Air Pollution",g_guruprasad@ch.amrita.edu,https://orcid.org/0000-0003-0340-381X,https://www.amrita.edu/faculty/gorthala-guruprasad/
Devanathan B.,"Department of Electronics and Communication Engineering, School of Engineering, Chennai",Professor | Assistant Professor,"BE, M.Tech.","AI-Based Energy Management Systems, Energy Forecasting, Smart Grid Optimization, IoT-Enabled Microgrids, Cybersecurity in Power Systems, Digital Twin for Energy Systems",AI-Based energy consumption forecasting in smart homes using multi-Algorithm analysis across temporal resolutions | Explainable AI Framework Using XGBoost With SHAP and LIME for Multi-Scale Household Energy Forecasting | Nonlinear Model Predictive Control for Internet of Things Using Particle Swarm Optimization and Cloud Computing | A Cloud-Integrated Virtual Framework for LSTM-Driven Solar Forecasting and Residential Energy Management | Prescribed time reliable platooning control for connected autonomous vehicles using neural network adaptive estimator approach | Real-Time Alcohol Detection and Engine Immobilization System using GPS for Road Safety Applications | Smart Vehicle Security System: Real-Time Tracking and Theft Prevention with IoT | Explainable AI-Enhanced Energy Forecasting Using LightGBM with SHAP and LIME Interpretability | Finite-Time Control for IoT-Enabled Microgrids Using Distributed State Estimation Under Deception Attack,,https://orcid.org/0009-0008-0759-6560,https://www.amrita.edu/faculty/devanthan-b/
A. C. Sakkthi Saranya,"Department of Electronics and Communication Engineering, School of Engineering, Chennai",Professor | Assistant Professor,"B.Tech., M.Tech.","Image Encryption - Chaotic Systems, Implementation on FPGA; Embedded Systems; Internet of Things",AI-Driven Adaptive Chaos Encryption with Vision Transformers for Robust Image Security | Non-Contact Blood Pressure Estimation Using Camera-Based rPPG Analysis | An Area-Efficient VLSI Architecture with Ladner-Fischer PPA for High-Speed Pseudo-Random Bit Generation | Combinational and Sequential Hardwaretrojan Detection in ALU Using PCA in 90nm Technology,ac_sakkthisaranya@ch.amrita.edu,https://orcid.org/0000-0002-3371-4646,https://www.amrita.edu/faculty/ac-sakkthisaranya/
S. Thiagarajan,"Department of Amrita Darshanam (ICSS), Amrita School of Engineering, Chennai",Chairperson | Professor | Assistant Professor,"B.A. , B.Ed. , M.A. , M.Phil. , Ph.D.","Sanskrit Grammar (Vyākaraṇa), Indian Knowledge Systems, Philosophical Studies, Manuscriptology and Critical Editing, Sanskrit in Ayurveda","रघुवंशे निर्दिष्टानां कतिपयवृक्षाणामायुर्वेददिशा पर्यालोचनम् | Concepts on anger management in shishupalavadha | नसृ हिं तापनीयोपसनषदन्तर्त ग स्य नसृ हिं मन्त्रराजस्य सििचे नम ् | Śrīman nārāyaṇīye vṛttivinyāsaḥ tadvimarśaśca | A critical study on soil selection, horticulture, plantation and transplantation process in Vṛkṣāyurveda as a mode of sustainable agriculture | Concepts on leadership qualities management in Shishupalavadha | A Critical Study on Soil Selection, Horticulture, Plantation, and Transplantation Processes in Vrkṣāyurveda as a Mode of Sustainable Agriculture | Mātāpitṛbhyāṃ kriyamāṇāḥ saṃskārāḥ | Carakasaṃhitāyām pratibimbitam vedāntacintanam | Vedanihitā nirvahaṇavidyā | Yājñavalkyoktaḥ (deśasya) sīmāvivādaḥ | Tasyāpatyam iti sūtrāpekṣā | Pañcavṛttivicāraḥ | Varṇāḥ arthavantaḥ uta anarthakāḥ | Taddhitaparicayaḥ | Sarvam pāṇinibaddhamityadhigatam yenādvitiyo’sti saḥ | Ṣaḍbhāvājjāyate jīvaḥ prakṛtiśca tadāśritā | Bāleṣu samskṛtābhirucivardhane prahelikānāṃ yogadānam [The contribution of riddles in teaching Sanskrit to children] | A Perspective Approach on the Regime and Its Administration With Special Reference to the Pāṇinian Grammar | Bibliotherapy according to Vedic texts and Sanskrit literature",,,https://www.amrita.edu/faculty/s-thiagarajan/
Ayantika Chakraborty,"Department of Amrita Darshanam (International Centre for Spiritual Studies), School of Engineering, Chennai",Professor | Assistant Professor,"Ph.D., M.A., B.A.","Folklore and Ethnographic Research, Digital Archiving and Ethnomusicology, Craft Clusters and Community Livelihood, Mask-Making Traditions and Ritual Performance, Gender and Cultural Practices, Technological Interventions in Cultural Heritage Preservation",Triumph of Good Over the Evil: Violence Redefined in Masked Dance Dramas of India | Mask-Making Process of Chadhiapalli Village | Women Mask Makers of Odisha | Chadhiapalli: A Traditional Mask Makers Village in Odisha | Non-Medical Masks as Living Archive of Folklore Amidst the Pandemic | Post-UNESCO Effect: Chhau’s journey from Cultural Sentiment to Commercialization | Religious Migration of Ritualistic Mask Dances of North East | The Social Activist Folklorist in Folklore Research: Towards a More Compassionate Collaboration. | The Transformation of a Folk Theatre: A Study of Gambhira with the aid of Performance Theory | The paradigm of Feminism in Bengali Ballads | Diminishing significance of ‘Ritual-Gold’ Amidst Covid-19 in India | Gender Bias in the Myths of Sati | Hijra: An Active Culture Bearing Community through Different Ages | Kesariya to Rangati: A Reflection of Folkloresque in the Contemporary Indian Music | Traditional Social Stigma against the Hijras,,https://orcid.org/0000-0002-3229-6155,https://www.amrita.edu/faculty/ayantika-chakraborty/
Prakash Seetharaman,,Professor | Assistant Professor,"M.Sc. (Yoga and Consciousness), B.Sc. (Yoga and Therapy)",,,,,https://www.amrita.edu/faculty/prakash-seetharaman/
Dr. K. Anitha,"Department of Science & Humanities, School of Engineering, Chennai | Department of Mathematics, School of Engineering, Chennai",Chairperson | Professor | Associate Professor,"Ph.D., M.Phil., M.Sc., SET, Post-Doctoral Fellow","Dimensionality Reduction using Fuzzy-Rough Sets, Graph Algorithms & Optimization Techniques, Mathematical Modeling, Data Mining and Artificial Intelligence","A valent-based metric framework for analyzing intuitionistic fuzzy graphs in uncertain environments | Stability and Preservation of Fuzzy Membership Functions in Adaptive Gaussian Derivative Filters | Data-Driven Approach Using Random Forest Regression for Accurate Electric Vehicle Battery State of Health Estimation | RNN-AHF Framework: Enhancing Multi-focal Nature of Hypoxic Ischemic Encephalopathy Lesion Region in MRI Image Using Optimized Rough Neural Network Weight and Anti-Homomorphic Filter | A Comprehensive Rough Set-Based Framework for Reliability Modeling of Complex Systems | Unveiling the Potential of Similarity Measures in Rough Labeling of Graphs | Development of Adaptive Gaussian Filter Based Denoising as an Image Enhancement Technique | Exploring Metric Dimensions for Dimensionality Reduction and Navigation in Rough Graphs. | Some new results on negative polynomial Pell’s equation | Comparing Energy in ζ-Labeling Similarity Measure with Alternative Similarity Metrics on Rough Graphs. | Lucas non-Wieferich primes in arithmetic progressions and the abc conjecture | Rough Set Techniques in Wireless Sensor Networks using Membership Function and Rough Labelling Graphs for Energy Aware Routing | Construction of Rough Graph through Rough Membership Function | Even vertex ζ-graceful labeling on Rough Graph | Sustainable Machining of Hastelloy in EDM Using Nanoparticle-Infused Biodegradable Dielectric Fluid. | Hybrid CNN-BiLSTM with Attention Mechanism for Automated Diagnosis of Cardiovascular Disorders Using ECG Images | A GRU-Based Framework for Mobile Driver Behaviour Classification: Enhancements over LSTM Variants | Enhanced Image Analysis for Detecting Malaria Infection in Blood Samples | Fuzzy-Rough Optimization Technique for Breast Cancer Classification | Analysing High Dimensional Data using Rough Tolerance Relation | Feature extraction process through hypergraph learning with the concept of rough set classification | Type-2 Fuzzy Set Approach to Image Analysis | Predictive Analysis of COVID-19 Transmission: Mathematical Modeling Study | Social media data analysis: rough set theory based innovative approach | Rough Set Based Intelligent Data Analysis To Analyze Medical Data Set, Advanced Engineering Research and Applications | Engineering Mathematics-II | Engineering Mathematics-I | Resource Management Techniques | Mathematics-II | Statistical Modeling in Machine Learning",k_anitha@ch.amrita.edu,https://orcid.org/0000-0002-1316-9185,https://www.amrita.edu/faculty/k-anitha/
Dr. Jeyalakshmi S.,"Department of Science and Humanities, School of Engineering, Chennai",Professor | Assistant Professor,"BA, MA, MPhil, Ph.D","Technology-Enhanced English Language Teaching, Postmodernism, Feminist Studies, Cultural Studies, Posthumanism, Disability Studies, Ecocriticism, Digital Humanities","Reimagining Disability as Knowledge: Empowerment and Identity in Selected Speculative Fiction | The Many Faces of Masculinity: Wolves, Sheep and the Path to True Manhood in The Kite Runner | Investigation into the Source of Students’ English Speaking Difficulties | Exploration of Factors Causing Difficulties in Students’ Writing Skills | The Portrayal of Female Sexual Desire through Water Motif: A Study of K. R. Meera’s The Gospel of Yudas | Communicative language teaching: a practical method to impart second language | The Collapse of Spatial and Temporal Barriers in Italo Calvino’s Invisible Cities | Italo Calvino’s If on a Winter’s Night a Traveler: a Conscious Textual Play | Why to Integrate M-learning into Learning Curriculum – Some Responses | Enhancing Fake News Detection: A Comprehensive Framework Leveraging XGBoost and CNNs | The Arbitrariness of Language in Italo Calvino’s The Castle of Crossed Destinies | CALL Software: Evaluation",s_jeyalakshmi@ch.amrita.edu,https://orcid.org/0000-0001-7436-1122,https://www.amrita.edu/faculty/dr-jeyalakshmi-s/
Dr. P. Selvaraj,"Department of Science & Humanities (Mathematics), School of Engineering, Chennai",Professor | Assistant Professor,"Ph.D., M.SC, B.SC","Control System Theory and Its Applications, Physics Informed Neural Networks, Data-Driven Control, Platooning Control, Disturbance Rejection based Control Scheme, Event-triggered Control, Control Design for Cyber-Physical Systems","Memory Sampling Position-Based Platooning Control for Autonomous Vehicles with Actuator Saturation | UDE-Based Non-Fragile Control Design for Interval Type-2 Fuzzy Systems | Equivalent-Input-Disturbance-Estimator-based Control Design for Polynomial Fuzzy Systems | Particle Swarm optimization Based Reliable Control Algorithm for Fuzzy Systems | Uncertainty and disturbance estimator-based tracking control for fuzzy systems | Nonlinear Model Predictive Control for Internet of Things Using Particle Swarm Optimization and Cloud Computing | Prescribed time reliable platooning control for connected autonomous vehicles using neural network adaptive estimator approach | Design and experimentation of sampled-data controller in T-S fuzzy systems with input saturation through the use of linear switching methods | Event-triggered control design with varying gains for polynomial fuzzy systems against DoS attacks | Design and experimentation of sampled-data controller in TS fuzzy systems with input saturation through the use of linear switching methods | Event-triggered output feedback control design for polynomial fuzzy systems | Disturbance rejections of polynomial fuzzy systems under equivalent-input-disturbance estimator approach | Event-triggered Position Scheduling Based Platooning Control Design for Automated Vehicles | Robust fault-tolerant control design for polynomial fuzzy systems | Robust memory control design for semi-Markovian jump systems with cyber attacks | Robust $ H_\infty $ resilient event-triggered control design for T-S fuzzy systems | Robust tracking control design for fractional-order interval type-2 fuzzy systems | Disturbance rejections of interval type-2 fuzzy systems under event-triggered control scheme | Robust H∞ resilient event-triggered control design for T-S fuzzy systems | Disturbance rejections and synchronization of fractional-order fuzzy complex networks | Stabilization of time delay systems with saturations via PDE predictor boundary control design | Cluster synchronization of fractional-order complex networks via uncertainty and disturbance estimator-based modified repetitive control | Observer-based synchronization of fractional-order Markovian jump multi-weighted complex dynamical networks subject to actuator faults | Robust non-fragile memory feedback control for multi-weighted complex dynamical networks with randomly occurring gain fluctuations | Disturbance rejection for singular semi-Markov jump neural networks with input saturation | Equivalent-input-disturbance estimator-based event-triggered control design for master–slave neural networks | Cluster synchronization of fractional-order complex networks via uncertainty and disturbance estimator-based modified repetitive control, Journal of the Franklin Institute | Synchronisation of stochastic T–S fuzzy multi‐weighted complex dynamical networks with actuator fault and input saturation | Modified Repetitive Control Design for Nonlinear Systems With Time Delay Based on T–S Fuzzy Model | Synchronisation of stochastic T–S fuzzy multi-weighted complex dynamical networks with actuator fault and input saturation | Improved results on H∞ stability analysis of sampled-data systems via looped-functionals and zero equalities | Uncertainty and disturbance rejections of complex dynamical networks via truncated predictive control | Synchronization of stochastic T–S fuzzy multi-weighted complex dynamical networks with actuator fault and input saturation | Non‐fragile sampled‐data guaranteed cost control for bio‐economic fuzzy singular Markovian jump systems | Non-fragile sampled-data guaranteed cost control for bio-economic fuzzy singular Markovian jump systems | EID-based sliding mode investment policy design for fuzzy stochastic jump financial systems | Disturbance and uncertainty rejection performance for fractional-order complex dynamical networks | Improved synchronization criteria for chaotic neural networks with sampled-data control subject to actuator saturation | Observer-based robust synchronization of fractional-order multi-weighted complex dynamical networks | Synchronization of complex dynamical networks with random coupling delay and actuator faults | Observer-based tracking control for switched stochastic systems based on a hybrid 2-D model | State estimation and dissipative-based control design for vehicle lateral dynamics with probabilistic faults | Finite-time synchronization of stochastic coupled neural networks subject to Markovian switching and input saturation | Fuzzy sliding mode control design of Markovian jump systems with time-varying delay | Design and analysis for uncertain repetitive control systems with unknown disturbances | Synchronization of fractional-order complex dynamical network with random coupling delay, actuator faults and saturation | Observer-based synchronization of complex dynamical networks under actuator saturation and probabilistic faults | Observer‐based tracking control for switched stochastic systems based on a hybrid 2‐D model | Vibration control of structural systems via robust non-fragile sampled-data control scheme | Fault-tolerant SMC for Takagi–Sugeno fuzzy systems with time-varying delay and actuator saturation | Adaptive reliable output tracking of networked control systems against actuator faults | A Robust Repetitive-Control Design for a Class of Uncertain Stochastic Dynamical Systems | EID estimator-based modified repetitive control for singular systems with time-varying delay | Observer-based state tracking control of uncertain stochastic systems via repetitive controller | Disturbance rejection of interval type-2 fuzzy systems based on equivalence-input-disturbance approach | Delay-dependent fault-tolerant controller for time-delay systems with randomly occurring uncertainties | Dissipative analysis for discrete‐time systems via fault‐tolerant control against actuator failures | Dissipative sampled-data control of uncertain nonlinear systems with time-varying delays | Reliable Dissipative Sampled-Data Control for Uncertain Systems With Nonlinear Fault Input | Equivalent-input-disturbance-based repetitive tracking control for Takagi–Sugeno fuzzy systems with saturating actuator | Dissipative analysis for discrete-time systems via fault-tolerant control against actuator failures | Robust reliable dissipative control of nonlinear networked control systems | Robust fault-tolerant H∞ control for offshore steel jacket platforms via sampled-data approach | Finite-Time Control for IoT-Enabled Microgrids Using Distributed State Estimation Under Deception Attack",p_selvaraj@ch.amrita.edu,https://orcid.org/my-orcid?orcid=0000-0002-5529-4515,https://www.amrita.edu/faculty/selvaraj/
Dr. Mohanapriya Saminathan,"Department of Science & Humanities, School of Engineering, Chennai.",Professor | Assistant Professor,"M.Sc., M.Phil., Ph.D.",,Design of Robust Tracking and Disturbance Attenuation Control for Vehicle Lateral Systems: A Modified Equivalent Input Disturbance Approach | Active disturbance reduction on non-homogeneous T-S fuzzy semi-Markovian jump systems and its application to secure digital signal communication | Advanced modified Astrom-Smith predictor controller for disturbance attenuation in electric vehicle application | Enhanced disturbance mitigation in nonlinear time delay systems with applications to double boost converters in microgrid environments | Design of Extended dissipative-Based Composite Anti-Disturbance Reliable Tracking Control for Stochastic Takagi–Sugeno Fuzzy Systems | Anti-disturbance reliable memory feedback tracking control for unmanned aerial vehicle systems | Synchronisation of complex nonlinear dynamical networks with coupling delays via dual hybrid-triggered control design | Modified Smith predictor-based robust tracking control design for fractional-order singular semi-Markovian jump systems | Robust Modified Repetitive Tracking Control Design for Singular Markovian Jump Fuzzy Systems With Probabilistic Input Delay | Quantized Proportional-Integral Tracking Control for Two-Stage Chemical Reactor Systems | Modified equivalent input disturbance estimator-based active disturbance rejection for fractional-order TS fuzzy stochastic systems | Anti-windup scheme-based control for fractional-order systems subject to actuator and sensor saturation | Disturbance attenuation for neutral descriptor semi-Markovian jump systems with saturation nonlinearity and time delays | Active Disturbance Reduction Scheme for Descriptor Semi-Markovian Jump Systems with Nonlinear Uncertainties | Hybrid-Triggered Proportional–Integral Tracking Control for Fuzzy Model Based Networked Control Systems Against Disturbance and Actuator Fault | Disturbance rejection and robust tracking control design for turbofan systems | Tracking control and disturbance rejection for nonlinear switched control systems with saturation effects | Disturbance rejection based tracking control design for fuzzy switched systems with time-varying delays and disturbances | Repetitive control design for switched neutral systems with input time-delay | Disturbance attenuation for neutral Markovian jump systems with multiple delays | Observer and fault reconstruction-based control design for interval type-2 fuzzy systems | Composite fault reconstruction and fault-tolerant control design for cyber-physical systems: An interval type-2 fuzzy approach | Anti-disturbance Observer-based Proportional-retarded Control Design for Polytopic Uncertain Fractional-order Systems | Composite fault-tolerant and anti-disturbance control for switched fuzzy stochastic systems | Tracking and disturbance attenuation control for stochastic switched systems with input delay | Anti-disturbance resilient tracking control for semi-Markov jumping systems | Design of robust tracking and disturbance attenuation control for stochastic control systems | Non-fragile control design and state estimation for vehicle dynamics subject to input delay and actuator faults | Dynamic output nonfragile reliable control for nonlinear fractional-order glucose–insulin system | Repetitive control design for vehicle lateral dynamics with state-delay | Disturbance rejection in fuzzy systems based on two dimensional modified repetitive-control | Disturbance rejection of fractional-order T-S fuzzy neural networks based on quantized dynamic output feedback controller | Disturbance Rejection for Singular Markovian Jump Systems With Time-Varying Delay and nonlinear uncertainties | Robust Tracking and Disturbance Rejection Performance for Vehicle Dynamics | Estimation and Disturbance Rejection Performance for Fractional order Fuzzy Systems | Output Tracking Control for Fractional-Order Positive Switched Systems With Input Time Delay | State estimation and dissipative-based control design for vehicle lateral dynamics with probabilistic faults | A Robust Repetitive-Control Design for a Class of Uncertain Stochastic Dynamical Systems | EID estimator-based modified repetitive control for singular systems with time-varying delay | State tracking and active disturbance rejection in non-linear stochastic systems,s_mohanapriya@ch.amrita.edu,,https://www.amrita.edu/faculty/mohanapriya-saminathan/
Dr. Soumyendra Singh,"Department of Science and Humanities, School of Engineering, Chennai",Professor | Assistant Professor,"BSc, MSc, Ph.D","Stochastic Differential and Integral Equation, Latent Differential Equations ,Neural Networks",Stochastic Stability Analysis and Numerical Simulation of the Stochastic FitzHugh–Nagumo Equation Based on Physics Informed Neural Networks | An Exponential Linear Unit Based Neural Network Approach For Optimizing Numerical Solutions of Stochastic Integral Equation | A numerical simulation of non-linear stochastic Itô-Volterra integral equations driven by multi- fractional Gaussian noise | Bernstein polynomial approximation of non-linear stochastic Itô-Volterra integral equations driven by multi-fractional Gaussian noise | Analysis of stochastic fitzhugh–nagumo equation for wave propagation in a neuron arising in certain neurobiology models | A stochastic operational matrix method for numerical solutions of mixed stochastic Volterra–Fredholm integral equations | New stochastic operational matrix method for solving stochastic Itô–Volterra integral equations characterized by fractional Brownian motion | Numerical solution of nonlinear stochastic Itô – Volterra integral equation driven by fractional Brownian motion | A Stochastic Operational Matrix Method for Numerical Solutions of Multi-dimensional Stochastic Itô-Volterra Integral Equations | New Stochastic Operational Matrix Method based on Chebyshev Wavelets for Solution of Stochastic Itô-Volterra Integral Equations Driven by Fractional Brownian Motion | New Stochastic Operational Matrix Method based on Bernstein polynomials for Solution of Non-Linear Stochastic Itô-Volterra Integral Equations Driven by Fractional Brownian Motion | A Stochastic Operational Matrix Method for Numerical Solutionsof mixed Stochastic Volterra–Fredholm Integral Equations | Stochastic operational matrix of Chebyshev wavelets for solving multi-dimensional stochastic Itô –Volterra integral equations | New Exact Solutions for the Wick-type Stochastic Nonlinear Schrödinger Equation in Nonlinear Optics | Higher order approximate solutions of fractional stochastic point kinetics equations in nuclear reactor dynamics | Numerical Solutions of stochastic Volterra-Fredholm integral equations by Hybrid Legendre Block-Pulse functions | New exact solutions for the Wick-type stochastic modified Boussinesq equation for describing wave propagation in nonlinear dispersive systems | On the comparison of two split-step methods for the numerical simulation of stochastic point kinetics equations in presence of Newtonian temperature feedback effects | Exact solutions for the Wick-type stochastic Kersten- Krasil’shchik coupled KdV-mKdV equations | Numerical solutions of stochastic nonlinear point reactor kinetics equations in presence of Newtonian temperature feedback effects | Numerical solutions of stochastic Fisher Equation to study migration and population behavior in biological invasion | New exact solutions for the Wick-type stochastic modified Boussinesq equation for describing waves propagation in nonlinear dispersive systems | New exact solutions for the Wick-type stochastic Kudryashov-Sinelshchikov equation | New Exact Solutions for the Wick-type Stochastic Zakharov-Kuznetsov equation for modelling waves on shallow water surfaces | A Sustainable Privacy-Preserving Aggregation Authentication Protocol for Smart Grid | Adam Optimization of Burger’s Equation Using Physics-Informed Neural Networks | Numerical Solution of First and Second Order Differential Equations with Deep Neural Networks | A Long Short-Term Memory Based Neural Network Approach for Numerical Solutions of Integral Equations | A Novel Method for Optimizing Numerical Solutions of Multi-Dimensional Itô-Volterra Stochastic Integral Equation Using Recurrent Neural Network | A Construction of Secure and Efficient Authenticated Key Exchange Protocol for Deploying Internet of Drones in Smart City | A Neural Network Architecture for Obtaining Numerical Solutions of Integral Equation | Deep Learning-Powered Camouflaged Object Recognition Model | AIR-SCAN: Aircraft Identification and Recognition using Deep Learning Scanning | Enhancing Forecasting Precision in Indian Industrial Workers’ Inflation: A Comparison of Advanced Machine Learning Models | A Novel Approach for Approximating the Dynamics of Fisher’s Equation Based on Physics-Informed Neural Networks | Developing Robust Crypto-Currency Trading Strategies: A Fusion of Machine Learning and Hidden Markov Modelling for Enhanced Performance | Skin Disease Detection using Convolutional Neural Network | Numerical Solutions of Stochastic Dynamics using Convolutional Neural Network Methods | Analyzing Laminar Boundary Layer Flow: A Unified Approach Using Numerical and Data-Driven Methods | Solving Ordinary Differential Equations Using Custom Loss Convolutional Neural Network Method | A module lattice based construction of post quantum blockchain for secure transactions in Internet of Things,,https://orcid.org/0000-0002-7946-0530,https://www.amrita.edu/faculty/soumyendra-singh/
Dr. S. Sweetha,"Department of Science and Humanities (Mathematics), School of Engineering, Chennai.",Professor | Assistant Professor,"BSc, MSc, Ph.D","Ph.D., M. Sc, B. Sc",Design of an Improved Hybrid Controller for Reachable Set Estimation of Multi-Agent Systems | Fault Estimation Based Control Design for Nonlinear Fractional‐Order Systems Under Proportional‐Integral Observer | Anti-windup scheme-based control for fractional-order systems subject to actuator and sensor saturation | Anti-disturbance Observer-based Proportional-retarded Control Design for Polytopic Uncertain Fractional-order Systems | Observer-based control for nonlinear neutral type stochastic model with fractional Gaussian noise and input saturation | Delayed reset control design for uncertain fractional-order systems with actuator faults via dynamic output feedback scheme | Non-fragile fault-tolerant control design for fractional-order nonlinear systems with distributed delays and fractional parametric uncertainties | Sampled-data filter design for large-scale interconnected systems with sensor fault and missing measurements | Finite-time synchronization of nonlinear fractional chaotic systems with stochastic actuator faults | Nonlinear fault-tolerant control design for singular stochastic systems with fractional stochastic noise and time-delay | Sampled-data filter design for large-scale interconnected systems with actuator fault and missing measurements,s_sweetha@ch.amrita.edu,https://orcid.org/0000-0001-5859-6263,https://www.amrita.edu/faculty/sweetha/
Dr. M. Ajithkumar,"Department of Science and Humanities,School of Engineering, Chennai",Professor | Assistant Professor,"BSc, MSc, Ph. D","Mathematical Fluid Dynamics, Numerical Simulation, Boundary Layer Problems, Nonlinear Partial Differential Equations, Mathematical Modeling, Flow in Porous Media, Machine Learning, Artificial Neural Networks, Non-Newtonian Flluids, Nanofluid Dynamics, Heat and Mass Transfer",Numerical analysis of dissipative peristaltic nanofluid flow through a chemically reactive non-uniform flexible channel with double-diffusive convection | Thermofluidic simulation of magneto-radiative viscoelastic nanomaterial flow in a chemically activated porous duct with double-diffusive convection | Synergistic thermal and chemical interaction dynamics of electroactive Nanofluid in slanted porous microduct for bioinspired pumping systems | Unveiling the thermally dissipative peristaltic pumping characteristics of hydromagnetic nanofluid in an oblique micro-wavy conduit via artificial neural network-based optimization | Thermal radiation and activation energy effects on magnetized Maxwell nanofluid flow with Cattaneo-Christov heat flux and motile microorganisms over a porous stretching sheet | Cattaneo-Christov heat flow analysis of hydromagnetic micropolar nanofluid over a chemically activated permeable stretching sheet | Aspects of thermal radiation for the second law analysis of magnetized Darcy–Forchheimer movement of Maxwell nanomaterials with Arrhenius energy effects | Entropy Optimization in Magneto Nonlinear Mixed Convective Flow of Ree-Eyring Nanofluid with Activation Energy and Gyrotactic Microorganisms | Modeling and simulation of entropy optimization in Darcy–Forchheimer flow of magneto-Ree–Eyring nanofluid with suction/injection and motile microorganisms | Thermo‐Solutal Dynamics of Electroactive Casson Nanofluid Flow through an Uneven Asymmetric Conduit for Advanced Microfluidic Applications | Peristaltic Flow of Bioconvective Ree–Eyring Nanofluid Through an Inclined Elastic Channel with Partial Slip Effects | Magneto-Williamson nanofluid flow past a wedge with activation energy: Buongiorno model | Magnetohydrodynamic Stagnation Point Flow of Williamson Hybrid Nanofluid via Stretching Sheet in a Porous Medium with Heat Source and Chemical Reaction | Hydromagnetic Peristaltic Flow of Convective Casson Nanofluid Through a Vertical Porous Channel Under the Influence of Ohmic Heating and Viscous Dissipation Effects | Catalytic Effects on Peristaltic Flow of Jeffrey Fluid Through a Flexible Porous Duct Under Oblique Magnetic Field: Application in Biomimetic Pumps for Hazardous Materials | Analysis of Entropy Generation and Activation Energy on a Convective MHD Carreau–Yasuda Nanofluid Flow Over a Sheet | Investigation of a Conducting Casson Fluid Flow Through a Porous Flexible Microfluidic Channel with Catalytic Effects: Application in Pharmaceutical Fluid Processing | Numerical Exploration of the Peristaltic Flow of MHD Jeffrey Nanofluid Through a non-uniform Porous Channel With Arrhenius Activation Energy | Investigation of Convective Peristaltic flow of non-Newtonian Fluids through a non-uniform Tapered Porous Conduit with Ohmic heating and Viscous Dissipation | Bioconvective peristaltic transport of hydromagnetic Sutterby nanofluid through a chemically activated porous channel with gyrotactic microorganisms | Convective Peristaltic Pumping of MHD Ree-Eyring Nanofluid in a Chemically Reacting Flexible Divergent Channel with Activation Energy and Radiation | A Theoretical Analysis of the Ternary Hybrid nano-fluid with Williamson Fluid Model | Numerical treatment of entropy generation in convective MHD Williamson nanofluid flow with Cattaneo–Christov heat flux and suction/injection | A Numerical Simulation of the Magneto-Micropolar Nanofluid Flow Configured by the Stimulus Energies and Chemical Interaction | A study on bioconvective peristaltic flow of a Casson nanofluid in a porous uniform/ non-uniform flexible conduit | MHD Peristaltic Flow of Chemically Reactive Casson Nanofluid in a Nonuniform Porous Inclined Flexible Channel With Cross-Diffusion Effects | Investigation of Dissipative Heat Transfer and Peristaltic Pumping on MHD Casson Fluid Flow in an Inclined Channel Filled With Porous Medium | Peristaltic Flow of a Bioconvective Sutterby Nanofluid in a Flexible Microchannel with Compliant walls: Application to Hemodynamic Instability | Chemically reactive MHD peristaltic flow of Jeffrey nanofluid via a vertical porous conduit with complaint walls under the effects of bioconvection and double diffusion | Peristaltic transport of MHD Ree–Eyring fluid through a flexible channel under the influence of activation energy | Diffusion effects on mixed convective peristaltic flow of a bi-viscous Bingham nanofluid through a porous medium with convective boundary conditions,m_ajithkumar@ch.amrita.edu,https://orcid.org/0000-0002-9795-4753,https://www.amrita.edu/faculty/m-ajithkumar/
Dr. Muthuselvan. K,"Department of Science and Humanities (Mathematics), School of Engineering, Chennai",Professor | Assistant Professor,"BSc, MSc, Ph.D","Fractional Differential Equations,Control Theory,Fixed Point Theory,Differentiation,Signal Analysis, Filter System,MATLAB Simulation","Leader‐following consensus for fractional‐order multi‐agent systems with uncertainty and mixed time delays | Analysis of Iterative Method for Impulsive Neutral Functional Integro-Differential Equation Using Degree Theory | A numerical technique for solving neutral Hilfer fractional differential equation with constant delay using Legendre wavelet method | Novel exploration of topological degree method for noninstantaneous impulsive fractional integro-differential equation through the application of filtering system | A new effective technique of nonlocal controllability criteria for state delay with impulsive fractional integro-differential equation | A numerical computational technique for solving controllability of impulsive Hilfer fractional integro-differential equation with order 𝜗 𝜖 𝜗 𝜖 (1,2) | New technique for solving the numerical computation of neutral fractional functional integro-differential equation based on the Legendre wavelet method | New interpretation of topological degree method of Hilfer fractional neutral functional integro-differential equation with nonlocal condition | Discussion on Iterative process of Nonlocal Controllability Exploration for Hilfer Neutral Impulsive Fractional Integro-Differential equation | New Interpretation on Topological Degree Method of Hilfer Fractional Neutral Functional Integro-Differential Equation with Nonlocal Condition | Results on nonlocal controllability for impulsive fractional functional integro-differential equations via degree theory | Analyze existence, uniqueness and controllability of impulsive fractional functional differential equations",k_muthuselvan@ch.amrita.edu,,https://www.amrita.edu/faculty/muthuselvan-k/
Dr. B. Krithika,"Department of Science and Humanities, School of Engineering, Chennai",Professor | Assistant Professor,"Ph.D., M. Phil., M. Sc., B. Sc.","Mathematical Modelling, Dynamical Systems, Stability and Bifurcation Analysis, Fractional-Order Systems, Mathematical Epidemiology and Oncology, Systems Biology",Temporal dynamics of immunity: modeling susceptibility delay in antibody-shielded populations | Exploring tumor-induced immunosuppression dynamics by myeloid-derived suppressor cells: insights via a fractional-order mathematical model | Unveiling the spread of epidemics involving partial immunity and reinfection: insights from a time-delayed mathematical model | Is reinfection negligible effect in COVID‐19? A mathematical study on the effects of reinfection in COVID‐19,b_krithika@ch.amrita.edu,https://orcid.org/0009-0005-3660-6893,https://www.amrita.edu/faculty/b-krithika/
Hariharan M.,"Department of Science and Humanities, School of Engineering, Chennai",Professor | Assistant Professor,"BA, MA","Bilingualism and Multilingualism, Psycholinguistics, Biolinguistics, Adaptation Studies, Translation Studies, Sociology","Analyzing Water Infrastructure and Community Resilience: A Technical Review on Kabalamapalaya Village | The Artificial Author: Creativity, Criticism, and the Making of Literature in the Age of AI | Male Rape: Myth and Culture about Male Rape Survivors Concerning Any Man",m_hariharan@ch.amrita.edu,,https://www.amrita.edu/faculty/hariharan-m/
Swathi T. S.,"Department of Science & Humanities, Amrita School of Engineering, Chennai",Professor | Assistant Professor,"M.Phil., M.Sc., B.Sc., B2.1 German","Bioinformatics, Multidisciplinary Subject",Fungi: An invaluable tool for the valorization of industrial waste | Exploring the In Vitro Thrombolytic Activity of Nattokinase From a New Strain Pseudomonas aeruginosa CMSS,,,https://www.amrita.edu/faculty/swathi-t-s/
Dr. Abhishek Jha,"Department of Mechanical Engineering, School of Engineering, Chennai",Chairperson | Professor | Assistant Professor,"Ph.D., M.Tech., B.E.","Robot Programming by Demonstration, Imitation Learning, Robot Kinematics & Dynamics, Artificial Intelligence, Machine Learning","Control Methodologies for Tip Stabilization in Flexible Robotic Manipulators: An Analysis of LQR, LQG, and PID Controllers | Designing of a Human-Centric Autonomous Fish-Feeding Robot: Advancing Aquaculture Sustainability Through Enhanced Human–Robot Interaction | Parametric Study of the Jansen Mechanism with CAD Model Validation | Workspace-Based Approach for Robot Trajectory Evaluation | Workspace and Trajectory Analysis of the 3-RPR Planar Parallel Manipulators with Joint Clearance | Selection of cobot for human-robot collaboration for robotic assembly task with Best Worst MCDM techniques | Workspace Modeling and Trajectory Mapping for Robotic Execution using Artificial Neural Networks | Design and Simulation of an Assistant Robot for Indoor Office Applications | Formulation of Mathematical Model for Transient Belt Stretch for Full Load Starting of Belt Conveyor System | Effect of head and PV array configurations on solar water pumping system | Robust Trajectory Tracking Control for an Omnidirectional Mobile Robot | Imitation Learning in Industrial Robots: A Kinematics basedTrajectory Generation Framework | Trajectory Tracking Control of Three-Wheeled Omnidirectional Mobile Robot: Adaptive Sliding Mode Approach | Motion Programming of SCORBOT ER-4u Using Fusion of Robot Kinematics and Inertial Sensor | Application of human arm kinematics for robot path programming using imitation | An integrated approach for robot training using Kinect and human arm kinematics | Synthesis of activated carbon: One and two-step chemical activation techniques | Functionalization of activated carbon to tailor the textural properties and surface functionalities | Energy-Based Approach for Robot Trajectory Selection in Task Space | Overcoming challenges in patient transportation: A novel stretcher design for uneven terrains | Error estimation and compensation in 4R and P3R closed-chain mechanisms due to joint clearance: a comparative study | Mechanical error estimation in four-bar hyperbolic function mechanisms with tolerances using modified PDA approach | A comprehensive review of bio-inspired swimming in robotic fishes | A Survey of Drones in Agriculture Sector | Convergence of machine learning with microfluidics and metamaterials to build smart materials | Integration of microfluidics in smart acoustic metamaterials | Design and manufacturing aspects of ribs with application in the solar air heater | A Framework for Robot Programming via Imitation | Programming of an industrial robot using demonstrations and soft computing techniques | Kinematics based approach for robot programming via human arm motion | Robot programming by demonstration using teleoperation through imitation",,https://orcid.org/0000-0002-2361-4246,https://www.amrita.edu/faculty/dr-abhishek-jha/
Dr. Shubrajit Bhaumik,"Department of Mechanical Engineering, Amrita School of Engineering, Chennai",Professor | Associate Professor,Ph.D,"Tribology of industrial lubricants, polymers and composites : nano and micro, Solid lubricants and industrial lubricants, Lubricants for Electric Vehicles, Machining tribology, Surface texture, Bio tribology, Data driven models","Sustainable Surface Engineering Approaches for Industrial Applications Surface Treatments and Surface Textures | Sustainable Surface Engineering Approaches for Industrial Applications: Sustainable Coating Solutions | Eco-Friendly Illite as a Sustainable Solid Lubricant in Calcium Grease: Evaluating Its Thermal Stability, Tribological Performance, and Energy Efficiency | Temperature-Dependent Rheology of Calcium-Based Eco-Friendly Greases Using a Modified Carreau–Yasuda Model with Arrhenius Equation Integration | Exploring the Failures of Deep Groove Ball Bearings Under Alternating Electric Current in the Presence of Commercial Lithium Grease | Industrial Internet of Things (IIoT)-Based Monitoring of Frictional, Vibration, and Sound Generation in Lubricated Automotive Chains | Artificial neural network- multi-criteria decision making approaches to predict and validate the role of roughness parameters of D2 tool steel generated by various machining processes on friction and wear under dry and lubricated conditions | Impact of graphite on tribo‐mechanical, structural, and thermal behaviors of polyoxymethylene copolymer/glass fiber hybrid composites via Taguchi optimization | Investigating the Failure Mechanisms During the Epoxy-Coated Bearing Steel–Steel and Uncoated Bearing Steel–Steel Interactions (Crack Formation, Surface Tears, Schallamach-like Waves) and Their Corrosion Resistance in NaCl Environment | Investigating the tribological properties of TiO2 nanoparticles added Thevetia peruviana and Cucurbita pepo L. blend oils | Mapping Acoustic Frictional Properties of Self-Lubricating Epoxy-Coated Bearing Steel with Acoustic Emissions during Friction Test | New Optimized Lubricating Blend of Peanut Oil and Naphthenic Oil Additivated wGraphene Nanoparticles and MoS2: Stability Time and Thermal Conductivity | Developing a Fast-Processing Novel Algorithm for Contact Analysis of Standard Spur Gears | Effect of graphite on tribological and mechanical properties of PA6/5GF composites | Investigations on the temperature-dependent tribological behaviour of spark plasma sintered CNT-304 SS self-lubricating nanocomposites | Investigating the Fretting Failure of Axial Thrust Steel Bearings in the Presence of Anti-Fretting Lubricating Paste | Effect of reinforcements on graphite/titania/aluminium nanohybrid composites | Tribological Investigation of Textured Surfaces in Starved Lubrication Conditions | Tribological analyses of a new optimized gearbox biodegradable lubricant blended with reduced graphene oxide nanoparticles | Artificial neural network and multi-criterion decision making approach of designing a blend of biodegradable lubricants and investigating its tribological properties | Production and evaluation of physicochemical, rheological, and tribological properties of Cucurbita pepo L. seed oil | Wear and Rolling Contact Fatigue Analysis of AISI 52100 Bearing Steel in Presence of Additivated Lubricants | Nano and micro additivated glycerol as a promising alternative to existing non-biodegradable and skin unfriendly synthetic cutting fluids | Microstructural and Wear Properties of Annealed Medium Carbon Steel Plate (EN8) Cladded with Martensitic Stainless Steel (AISI410) | Microstructural Analysis and Tribological Behavior of AMDRY 1371 (Mo–NiCrFeBSiC) Atmospheric Plasma Spray Deposited Thin Coatings | Computational intelligence-based design Computational intelligence-based design of lubricant with vegetable oil blend and various nano friction modifiersof lubricant with vegetable oil blend and various nano friction modifiers | Tribological investigation of r-GO additived biodegradable cashew nut shells liquid as an alternative industry lubricant | Artificial intelligence based design of multiple friction modifiers dispersed castor oil and evaluating its tribological properties | Analyses of anti-wear and extreme pressure properties of castor oil with zinc oxide nano friction modifiers | A comparative study of tribological and mechanical properties of composite polymer coatings on bearing steel | Analyses of Tribological Properties of Castor Oil With Various Carbonaceous Micro- and Nano-Friction Modifiers | One-pot synthesis and first-principles elasticity analysis of polymorphic MnO2 nanorods for tribological assessment as friction modifiers",,https://orcid.org/0000-0001-6803-4387,https://www.amrita.edu/faculty/shubrajit-bhaumik/
Dr. M. Sathishkumar,"Department of Mechanical Engineering, Amrita School of Engineering, Chennai",Professor | Assistant Professor,"BE, M.Tech., Ph.D","Welding of Advanced Alloys, Additive Manufacturing (AM), High Temperature Coating, Hot Corrosion, High Entropy Alloy, Composite Materials","Exploiting the mechanical properties and optimising wear characteristics of Mg–Al–Zn hybrid composites reinforced with Si3N4 and MoS2 | Smart materials for 4D printing: Emerging biomedical applications, stimuli, techniques, and future directions | Effect of halloysite nanotube addition on mechanical and thermal performance of banana/cotton hybrid natural fiber-reinforced polymer nanocomposites | Effect of graphite, zinc borate and Prosopis juliflora fiber particulates on mechanical and thermal properties of Sida acuta natural fiber reinforced composites | Development and experimental analysis of sustainable hybrid sandwich composites from waste garlic peel and kapok bio-fillers | Slurry Erosion Behaviour of Al2O3 and TiC-Based Coatings Synthesized by Centrifugal Self-propagating High-Temperature Synthesis | Hybrid natural fiber composites based on cashew apple bagasse and mahogany fruit for multifunctional performance | Comparative analysis of Polylactic Acid/Bamboo biocomposites manufactured by Additive Manufacturing and Compression Moulding Methods | Fusion-Based Additive Manufacturing of Hastelloy C-Series: A Comparative Study on Microstructure, Mechanical Properties, and Residual Stress | Machinability and ANN based prediction of surface roughness for TiAlN and PCD coated end mill cutters on AA6061 hybrid composite | In-Vitro Bioactive Silver Nanoparticles Synthesized from Halodule uninervis Plant Extract for Multifunctional Drug Delivery | An overview of thermosensitive hydrogel based nanocomposites for high temperature and fire resistance applications | A review of Self-healing and Self- assembling monomers and polymers for biomedical applications integrated with patent landscape analysis | Failure analysis of hybrid fiber reinforced polymer composite tubes subjected to quasi-static compressive load: an experimental study | Role of shielding gas in tailoring microstructure and anisotropy in wire arc additive manufactured Inconel 686 | Microstructural evaluation and optimization of wear behaviour of vacuum arc melted AlFeCrNiSi high entropy alloy | Effects of cashew nutshell biofillers on the mechanical and thermal behaviour of Basalt/Hibiscus vitifolius hybrid fabrics reinforced polymer biocomposites | Influence of Cu and Co addition on metallurgical and wear characteristics of AlCrFeNi high entropy alloy | Additive manufacturing of Titanium alloy for aerospace applications: Insights into the process, microstructure, and mechanical properties | Effect of heat treatment on tribological behavior of direct metal laser sintered alloy 718 | Slurry erosion behaviour of AlCoCrFeNi high entropy alloy coating prepared by atmospheric plasma spraying | Metallographic Characterization of Laser Peened Ti6Al4V Subjected to Hydrogen Charging | Characterisation and property evaluation of High Entropy Alloy coating on 316L steel via thermal spray synthesis | Possibilities, performance and challenges of nitinol alloy fabricated by Directed Energy Deposition and Powder Bed Fusion for biomedical implants | Periodic advancement of aluminium metal matrix composites: tribo-mechanical performance, corrosion properties, challenges and future | Metal additive manufacturing of commercial aerospace components – A comprehensive review | Development of protective coating for X8CrNiMoVNb16-13 alloy in high-temperature molten salt environment through high-velocity oxy-fuel sprayed NiCrMoNb and Cr3C2-25NiCr powder coating | Performance of Air Plasma Sprayed Cr3C2-25NiCr and NiCrMoNb Coated X8CrNiMoVNb16-13 Alloy Subjected to High Temperature Corrosion Environment | Hot corrosion behaviour of constant and pulsed current welded Hastelloy X in Na2SO4, V2O5 and NaCl salt mixtur at 900 °C | Development of Biomedical Implants through Additive Manufacturing: A Review | Investigation of Double Pulsed Gas Metal Arc Welding (DP-GMAW) Technique to Preclude Carbide Precipitates in Aerospace Grade Hastelloy X | Prospects of pulsed current arc welding on Aerospace grade Hastelloy X weldment | Development of Arc welding Technique to Preclude Microsegregation in the Dissimilar Joint of Alloy C-2000 and C-276 | Technology Development for Producing Inconel 625 in Aerospace Application Using Wire Arc Additive Manufacturing (WAAM) Process | Influence of filler wire and welding process to mitigate the microsegregation of alloy C-2000 using continuous and pulsed current gas tungsten arc welding techniques | Comparative Studies on Normal and Pulsed Cold Metal Transfer Welding of Aerospace Grade Aluminum Alloy 2024 | Hot Corrosion Demeanour of Key-Hole Plasma Arc Welded Aerospace Grade Hastelloy X in Molten Salts Environment | Influence of pulsed current arc welding to preclude the topological phases in the aerospace grade Alloy X | Influence of Overalloyed Filler wire to Preclude the Microsegregation in Weld Joint of Alloy C-276 | Development of pulsed current arc welding to Preclude the carbide precipitates in the Hastelloy X weldment using ERNiCr-3 | Development of pulsed cold metal transfer and gas metal arc welding techniques on high strength aerospace grade AA7475-T761 | Preclusion of Carbide Precipitates in the Hastelloy X Weldment using the Current Pulsing Technique | Hot corrosion behaviour of continuous and pulsed current gas tungsten arc welded Hastelloy X in different molten salt environment | Study of Machinability, Mechanical, and Tribological Properties of Hybrid Al-MMC | Comparison of Hydrodynamic Characteristics of Porous and Solid Square Cylinder at Low Reynolds Number Using CFD | Hot Corrosion Characteristics of HVOF sprayed Cr3C2 -25NiCr Protective Coating on Ni-based Superalloys | Welding Metallurgy of Corrosion Resistant 21st Century Ni-Based Superalloy 686 | A Study of Porous Square Cylinder as Heat Exchanger at Low Reynolds Number Using CFD | A Detailed Overview on Exergy Concept and Analysis of Distillation Process | Effects of Secondary Precipitates on the Mechanical Properties of Hastelloy X Weldment by Constant and Pulsed Current Arc Welding | Investigation on Metallurgical and Mechanical Properties of Hastelloy X by Keyhole Plasma Arc Welding Process | Improvement of Microstructure, Weldability and Mechanical Behavior of Gas Tungsten Arc Weldments of Alloy C-276 by switching to Current Pulsing mode | Investigation on Metallurgical and Mechanical Properties of alloy 686 Fabricate by Gas Tungsten Arc Welding | Investigation on Metallurgical and Mechanical Properties of alloy 686 Fabricate by Current Pulsing | Investigation on Metallurgical and Mechanical Properties of alloy 686 Fabricated by Gas Pulsed Current Gas Tungsten Arc Welding using ERNiCrMo-10 | Processing and Property Evaluation of Al-Mn-Cu Alloy through Powder Metallurgy | Microsegregation Studies on ATIG Welding of Alloy C-276 | Fabrication and Evaluation of Mechanical Properties of Nickel Graphite Coated with Cobalt Reinforced with Aluminum 6061 Metal Matrix Composite with Powder Metallurgy Technique | Effect of ND-YAG Laser Welding Parameters on the Microstructure and Strength of the Mild Steel Plate Specimen | Computational Study of the Effect of Temperature on Efficiency of Photovoltiac Cell | Effect of Heat Treatment on the Properties of Solution Annealed and Hot Rolled Incoloy 20 | Investigation on Mechanical and Microstructure Characteristics of Nickel Based Alloy C-2000 using Laser Beam Welding | Recent Developments and Challenges Accompanying with WAAM of Mg Alloys: A Review | Recent Developments and Challenges Associated with Wire Arc Additive Manufacturing of Al Alloy: A Review | Studies on Metallurgical and Mechanical Properties of Pulsed Current Gas Tungsten Arc Welded Aerospace 80A Grade Alloy | Effect of hot corrosion demeanour on aerospace-grade Hastelloy X made by pulsed and constant current arc welding in molten salts at 820 °C | Effects of pulsing current and filler materials on the mechanical and metallurgical properties of DSS 2205 weldments | Effect of Frequency on the Microstructural and corrosion behaviour of Alloy C-276 by pulsed current gas tungsten arc welding technique | Effect of Welding Speed on Aspect Ratio of Hastelloy X Weldment by Keyhole Plasma Arc Welding (K-PAW) | Investigation on the Effect of Pulsed Frequency on Microstructure and Hardness of Alloy C-2000 by Current Pulsing | Studies on Metallurgical and Mechanical Properties of Plasma Arc Welded Aerospace 80A Grade Alloy | Effect of austenitic filler wires on duplex stainless steel 2205 weldment made by gas tungsten arc welding | Study on the High Temperature Tensile Properties of Aerospace Grade Hastelloy X Joined by Pulsed Current Arc Welding | Effect of Hot Corrosion Demeanour on Aerospace-Grade Hastelloy X Made by Pulsed and Constant Current Arc Welding in Molten Salt at 820 °C | Investigation of Metallurgical and Mechanical Properties of Hastelloy X by Key-hole Plasma Arc Welding Process | Investigation on Microstructure, Microsegregation and Mechanical Properties of ATIG welded Alloy C-276 | High Temperature Corrosion Studies on Pulsed Current Gas Tungsten Arc Welded Alloy C-276 in Molten Salt Environment | Microsegregation Studies on Pulsed Current Gas Tungsten Arc Welding of Alloy C-276 | Development of technique to preclude the segregation in aerospace alloy UNS N06002 by conventional double pulse arc welding | Traditional Natural Stick Toothbrush | Compact Traditional Toothbrush | Modified CD Device as Renewable Energy Source | Automatic Dam as Energy Source | Energy Saving for Iron Box | Finger Held Pressure Dispensable Paste Toothbrush",m_sathishkumar@ch.amrita.edu,https://orcid.org/0000-0003-0726-8731,https://www.amrita.edu/faculty/m-sathishkumar/
Dr. Shakti P. Jena,"Department of Mechanical Engineering, School of Engineering, Chennai",Professor | Assistant Professor,"B. Tech., M.Tech., Ph.D","Vibration, Structural Dynamics, Statistical Process Control, Artificial Intelligence, Fracture Mechanics, Biomechanics, Robotics",Application of hybrid statistical evolutionary algorithm for damage detection in composite cantilever beam | Dynamic analysis of inclined edge cracked structure under moving mass | Dynamic response of a simply supported beam with traversing mass | Numerical Analysis for the Dynamic Analysis of Cantilever Beam Carrying Moving Load | Analytical and Computational Study for the Dynamic Response of a Cantilever Beam Carrying Moving Mass | Dynamic Analysis of Cantilever beam with Moving Mass | A Statistical Method-Based Auto-Fitted Genetic Algorithm for Damage Diagnosis | A Study on Critical Speed Analysis of Rotating Shaft | Modeling and analysis of vibrating fixtures | Modeling and structural analysis of composite marine propeller | Dynamic behavior of structure subjected to travelling mass with different types of cracks | Dynamic Behavior of Ropeway String | Dynamic Behavior of String Subjected to Travelling Mass | Crack detection in structure under moving load using statistical process control based approach | Parametric Evaluation on the Response of Damaged Simple Supported Structure Under Transit Mass | Fault detection in beam structure using adaptive immune based approach | Application of Hybrid Fuzzy Technique for Damage Estimation in Structural Member | Experimental and computational study on dynamic analysis of cracked simply supported structures under moving mass | On the way to fault detection method in moving load dynamics problem by modified recurrent neural networks approach | Crack detection in moving load dynamics problems based statistical process control approach | Structural damage detection in moving load problem using JRNNs based method | Fault Detection in Cracked Structure under Moving Load using RNNs based Approach | Parametric Study on the Response of Cracked Structure Subjected to Moving Mass | Dynamic and experimental analysis on response of multi-cracked structures carrying transit mass | Comparative study on cracked beam with different types of cracks carrying moving mass | Dynamic Deflection of a Cantilever Beam Carrying Moving Mass | Response Analysis of Inclined Edge Cracked Beam Under Moving Mass | Identification of Parameters in Moving Load Dynamics Problem Using Statistical Process Recognition Approach,,https://orcid.org/0000-0002-0346-6848,https://www.amrita.edu/faculty/shakti-p-jena/
Dr. Mahesh Thorat,"Department of Mechanical Engineering, Amrita School of Engineering, Chennai",Professor | Assistant Professor,"Post doc, Ph.D., M.Tech., B.E.","Artificial Intelligence, Light weight manufacturing by FRP’s, Machine Learning, Shock and Blast Mitigation (Defense)",Cell Wall Fracture in Shock-Loaded Aluminum Foams | Back-Face-Signature-Monitored Evaluation of Foam-Sandwich Structures as Shock Mitigating Materials | Shock Wave Mediation by Closed-Cell Aluminum Foams | Evaluation of optimum foam density for effective design of blast absorbers | Shock Loading of Closed Cell Aluminum Foams in the Presence of an Air Cavity,,https://orcid.org/0000-0002-1245-6350,https://www.amrita.edu/faculty/mahesh-thorat/
Dr. Vignesh M.,"Department of Mechanical Engineering, Amrita School of Engineering, Chennai",Professor | Assistant Professor,"BE, M.Tech., Ph.D","Metal Additive Manufacturing, Biomaterials, Shape Memory Materials, High Entropy Alloys, Advanced Machining, Composite Materials","Sustainable processing of recycled aluminium alloy hybrid composites with Si3N4 and MoS2 reinforcements for lightweight applications | Exploiting the mechanical properties and optimising wear characteristics of Mg–Al–Zn hybrid composites reinforced with Si3N4 and MoS2 | Smart materials for 4D printing: Emerging biomedical applications, stimuli, techniques, and future directions | Exploring the Drilling Performance of Al7075/SiC/B4C Composites Using Hybrid Grey–Taguchi Technique | Microstructural transition from ZrO₂ to Zr–Al intermetallics and property evolution in AA5051 composites | Optimizing the filler distribution to enhance the interlaminar shear strength and impact resistance of fiber reinforced epoxy composites | Enriching grain refinement on improving mechanical and corrosion properties of graphene reinforced magnesium composites | Exploring the impact of abrasive water jet machining parameters on hole quality characteristics in Al2017A/hBN/ZrO2 hybrid composites | Tailoring the microstructure and mechanical properties of Al-Zn-Mg alloys using nano B₄C and graphite hybrid reinforcements | Sustainable development of hybrid Mg-Al-Zn alloy composites: The role of graphene and boron nitride in enhancing recycled alloys | Fusion-Based Additive Manufacturing of Hastelloy C-Series: A Comparative Study on Microstructure, Mechanical Properties, and Residual Stress | ANN modeling and optimization of friction stir welding performance for AA6061 and AA5083 alloy joints | Statistical analysis on influence of groove patterns on the mechanical strength of friction-welded SAE1018 steel | Influence of Cu and Co addition on metallurgical and wear characteristics of AlCrFeNi high entropy alloy | Effect of heat treatment on tribological behavior of direct metal laser sintered alloy 718 | Exploration of morphological and mechanical behaviour of Al2O3/Al-Mg-Cr-Zn alloy composites with Al6O13Si2 addition | Enriching mechanical, wear, and corrosion behaviour of SiO2/TiO2 reinforced Al 5754 alloy hybrid composites | Effect of raster orientation on pure nylon, carbon fibre nylon, and glass fibre nylon using three-dimensional printing | Experimental investigation on the mechanical performance of the Al2O3 and ZrO2 added Al-Mg-Si alloy for structural applications | Investigation on mechanical behaviour of Al–Mg-Si alloy hybridized with calcined eggshell and TiO2 particulates | Effect of process parameter on wire cut EDM using RSM method | Experimental investigation to optimize machining parameters for super duplex stainless steel in spark EDM using die-sinking and MQL system | Implication of machining characteristics of PLA/BRONZE intermixture synthesized by additive manufacturing | Metallographic Characterization of Laser Peened Ti6Al4V Subjected to Hydrogen Charging | Possibilities, performance and challenges of nitinol alloy fabricated by Directed Energy Deposition and Powder Bed Fusion for biomedical implants | Magnesium role in additive manufacturing of biomedical implants – Challenges and opportunities | Metal additive manufacturing of commercial aerospace components – A comprehensive review | Hot Corrosion Demeanour Comparison of Constant and Pulsed Current Welded Hastelloy X in Na2SO4, V2O5, and NaCl Salt Mixture at 900 °C | Machinability Analysis of Y2O3 Reinforced Magnesium Rare Earth Alloys Using WEDHT process | Numerical Modelling and Experimental validation of crater formation in WEDM Hybrid Turning of Ti6Al4V Alloy | Development of Biomedical Implants through Additive Manufacturing (AM) – A Review | Machinability Investigations on Aerospace Custom 450 Alloy Using TiAlN/TiCN, TiCN/TiAlN Coated and Uncoated Carbide Tools | Multi objective study on machining characteristics of AISI H-11 Tool steel prepared by different processing techniques | Statistical modelling and analysis of material removal rate and surface roughness during Wire Electrical Discharge Hybrid Turning (WEDHT) process | A study on statistical analysis and modelling of MRR and surface roughness during WEDHT process | Comparative machining studies on Custom 450 alloy with TiCN, TiAlN coated and uncoated carbide tools using Taguchi-Fuzzy logic approach | Machining investigation on Ti-6Al-4V alloy using a wire electrical discharge hybrid turning (WEDHT) process | Machining of Ti–6Al–4V using diffusion annealed zinc‑coated brass wire in WEDHT | Comparative evaluation of performances of TiAlN, AlCrN, TiAlN/AlCrN coated carbide cutting tools and uncoated carbide cutting tools on turning Inconel 825 alloy using Grey Relational Analysis | Response optimisation in wire electrical discharge machining of AISI H11 tool steel using Taguchi – GRA approach | Enhancement of Performance of Solar Parabolic Trough Collector Using Selective Absorption Coating | A Parametric Optimization on Cutting Force during Laser Assisted Machining of Inconel 718 alloy | Tool Wear Analysis of Al 6061 reinforced with 10 wt% Al2O3 Using High Hardened Inserts | Study of Cutting force and Surface Roughness in machining of Al alloy Hybrid Composite and Optimized using Response Surface Methodology | Influence of titanium diboride reinforced magnesium composites using squeeze casting method | Improving the mechanical properties of BN reinforced magnesium composites using vacuum sintering method | Optimization of fatigue life and fractography analysis of knuckle joint | Structural analysis of hybridized glass fiber hemp fiber reinforced composite wheel rim | Improvement of Machinability Using Eco-Friendly Cutting Oil in Turning Duplex Stainless Steel | A Comprehensive Review on Wire Electrical Discharge Based Hybrid Turning (WEDHT) | Drilling of Hybrid MMCs Using DLC- and HC-Coated Tools | Study of Machinability, Mechanical, and Tribological Properties of Hybrid Al-MMC | Application of Grey Theory and Fuzzy Logic to Optimize Machining Parameters of Zircon Sand Reinforced Aluminum Composites | Hot Corrosion Characteristics of HVOF sprayed Cr3C2 -25NiCr Protective Coating on Ni-based Superalloys | Laser-assisted high-speed machining of Inconel 718 alloy | Modeling and Optimization of Cutting Parameters on Dry Turning of Duplex Stainless Steel using Coated Carbide Inserts | Content Enrichment – Needs of Industries | Multi response Optimization of machining parameters during turning of Al 6063 alloy reinforced with SiC particulates | Flank wear analysis of Al 6061 reinforced with Al2O3 using High hardened inserts | Fabrication and Machinability study of Al – 6063 Metal Matrix Composites reinforced with Silicon Carbide particles",m_vignesh@ch.amrita.edu,https://orcid.org/0000-0001-7552-3154,https://www.amrita.edu/faculty/m-vignesh/
Dr. Santosh Ravichandran,"Department of Mechanical Engineering, Amrita School of Engineering, Amrita VishwaVidyapeetham, Chennai",Professor | Assistant Professor,"Postdoc, Ph.D., M.Tech., B.E.","Critical Mineral & Rare Earth Element Recovery from Wastewaters, Thermal/ Membrane Desalination-Oxidation (Low to Supercritical Temperatures), Waste to Energy, CFD Analysis of Heat Exchange/ Metallurgical Mechanisms, Solar Thermal Technologies.","Performance optimization of waste heat-powered humidification-dehumidification desalination unit using response surface methodology for decentralized freshwater production | A comprehensive review of contemporary developments in cooking vessel design for sustainable solar cooking: Emphasis on economic feasibility and CO2 mitigation potential | Sustainable utilization of hypersaline brine for energy reduction and distillate quality enhancement in supercritical water desalination | Performance enhancement of flat plate cooking unit using novel hook turbulators for indirect solar cooking applications: Numerical and experimental assessment with enviroeconomic analyses | Supercritical water desalination and oxidation (SCWDO): Effectiveness on complex solutions, technoeconomic, and CO2 impact for produced water treatment | Effect of thermal characteristics on the chemical quality of real-brine treatment through hydrophilic fiber-based low-grade heat-powered humidification-dehumidification process | Effect of geometric variation and solar flux distribution on performance enhancement of absorber tube thermal characteristics for compound parabolic collectors | Comprehensive insights into performance of water gap and air gap membrane distillation modules using hollow fiber membranes | Performance evaluation and optimization of humidification–dehumidification desalination system for low-grade waste heat energy applications | A comprehensive review on humidifiers and dehumidifiers in solar and low-grade waste heat powered humidification-dehumidification desalination systems | Effect of Teflon-Coated PVDF Membrane on the Performance of a Solar-Powered Direct Contact Membrane Distillation System | Effect of humidifier characteristics on performance of a small-scale humidification-dehumidification desalination system | Comparative investigation on heat transfer enhancement of surface‐roughened and nano‐dispersed phase change material for thermal energy storage | Performance augmentation of solar photovoltaic panel through PCM integrated natural water circulation cooling technique | Optimized modeling and experimental investigation on the thermal/electrical characteristics of MWCNT nanofluid for effective solar thermal applications | Humidification-Dehumidification Desalination System Powered by Simultaneous Air-Water Solar Heater | Comparative Studies on Normal and Pulsed Cold Metal Transfer Welding of Aerospace Grade Aluminum Alloy 2024 | Experimental Evaluation of PVA as Novel Humidifier Material for Humidification-Dehumidification Applications | Experimental parametric investigation of waste heat powered humidification dehumidification system for production of freshwater from wastewater | Optimization of a solar water heating system for vapor absorption refrigeration system | Technological advancements in solar energy driven humidification-dehumidification desalination systems – A review | Study of effect of Al and Cu microparticles dispersed in D-Mannitol PCM for effective solar thermal energy storage | Experimental and Computational Investigation of Structural Integrity of Dissimilar Metal Weld Between Ferritic and Austenitic Steel | Experimental and numerical investigation of solar flat plate cooking unit for domestic applications | Experimental and numerical studies of thermal performance enhancement in the receiver part of solar parabolic trough collectors | Numerical Analysis of Baffle Cut on Shell Side Heat Exchanger Performance with Inclined Baffles | Three-Dimensional Thermomechanical Simulation and Experimental Validation on Failure of Dissimilar Material Welds | Effect of different parameters on uncertainty during evaluation of strength of dissimilar metal weld | Effect of Structural Heterogeneity on In Situ Deformation of Dissimilar Weld Between Ferritic and Austenitic Steel | Energy Recovery Potential in Supercritical Water Desalination of Hypersaline Feeds: A Path to Zero-Energy Produced Water Treatment | Performance improvement of solar photovoltaic panel through humidification powered air cooling technique | Experimental study to optimize the performance of humidification- dehumidification desalination system applicable to low-grade waste heat applications | Experimental Evaluation of Humidification Potential of PVA Material for HDH Desalination System | CFD analysis of phase change behavior of phase change material encapsulated in internally finned spherical capsule | CFD Analysis of effects of baffle cut on shell side heat exchanger performance with inclined baffle | Modeling and extensive microscopic testing of dissimilar metal weld of low alloy and stainless steel | Microstructure and hardness evaluation for dissimilar metal weld of low alloy and stainless steel | The Effect of Water Quality on PEM Electrolyzer Performance | CFD and Experimental Analysis of Phase Change Material Behaviour Encapsulated in Internally Finned Spherical Capsule | Performance evaluation of solar box cooker assisted with latent heat energy storage system for cooking application",,https://orcid.org/0000-0002-9810-7839,https://www.amrita.edu/faculty/santosh-ravichandran/
Dr. Sunil Kumar,"Department of Mechanical Engineering, Amrita School of Engineering, Chennai Campus.",Professor | Assistant Professor,"PhD, M.E., B.Tech., Diploma","Additive/ Subtractive Manufacturing, Surface Engineering, Thin film, Tribology, Multi-criteria decision-making, Optimisation, Fuzzy system","Developing Community-Centric Decentralized Solutions for Waste Management at the Grassroots | Parametric Optimization of Tribological Process Parameters and Their Comparative Effect on Wear Responses of TiCrN Coated Cold Work Tool Steel | Effect of Different Surface Modification on Nanomechanical and Wear Properties of Cold Work Tool Steel: An Experimental Investigation. | Computational Wear Analysis of Acetabular Cup for Various Daily Activities with Different Biomaterials | Conceptualization of a Machining Fixture for Machining Cylinder Block on a Horizontal Machining Center | Design and Simulation Study of HPDC for Automotive Parts—Pinion Housing Based on ADSTFEAN Simulation System. | Application of Box-Behnken Method for Multi-response Optimization of Turning Parameters for DAC-10 Hot Work Tool Steel | Optimization of spark plasma sintered parameters of Al–SiC–kaolin hybrid composite using Taguchi–grey relational analysis | Artificial neural network- multi-criteria decision making approaches to predict and validate the role of roughness parameters of D2 tool steel generated by various machining processes on friction and wear under dry and lubricated conditions | Box–Behnken based investigation of surface quality and tool wear rate and FEM analysis of tool wear in TiAlN/CrN coated carbide tool | Investigating tool wear rate and surface quality of hardened tool steel: a fuzzy-MARCOS analysis and response surface methodology study | Coating material selection for bulk metal forming dies: A MEREC-integrated approach with multiple MCDM methods | Wear Parameter Optimization of Ceramic Coating Using the Fuzzy Integrated PSI-CODAS Decision-Making Framework | Processing and evaluation of nano SiC reinforced aluminium composite synthesized through ultrasonically assisted stir casting process | Hydroxyapatite/Si-doped TiN interlayer coatings as potential candidates for surface modification of Medical Grade 316 LVM stainless steel for bioimplant applications | Carbon-fibre-reinforced-PEEK and silicon doped amorphous carbon as a potential tribopair for implant application | Susceptor-Assisted Rapid Microwave Sintering of Al-Kaolin Composite in a Single-Mode Cavity | Effect and optimization of tribological parameters upon wear responses of TiAlN coating | Wear parameter optimization for CrN/TiAlSiN coating using novel BWM integrated TODIM decision-making approach | Optimization of Wear Parameters for Duplex-TiAlN Coated MDC-K Tool Steel Using Fuzzy MCDM Techniques | Effect of Mean Stress on Ratcheting of Austenitic Stainless Steel (AISI 304) at Room Temperature | Vibration Analysis of Cracked Cantilever Beam Using Response Surface Methodology | Fuzzy CODAS Based Analysis of Wear and Temperature Induced Responses of Si Doped a-C film and CFRPEEK Tribopair | Enhancement of microstructure and mechanical performance of spray formed Al-6Si-18Pb Alloy by warm rolling. | Comparative study on the structural make-up and mechanical behavior of silicon and silver doped amorphous carbon films | Relative effect of wear parameter on wear behavior of TiAlN coated tool steel and parametric optimization using MCDM method | Morphology and wear behavior of monolayer TiAlN and composite AlCrN/TiAlN coated plasma nitrided DAC-10 tool steel | A novel BWM integrated MABAC decision-making approach to optimize the wear parameter of CrN/TiAlSiN coating | Evaluation of Gamma irradiated Ti6Al4V and Silver alloyed a-C coatings as friction pairs via Response Surface Methodology | Scratch Resistance and Adhesive Energy of AlCrN and Ag doped a-C Films Deposited on Chrome Nitrided 316 LVM Stainless Steel. | Mechanical and Tribological Assessment of Composite AlCrN or a-C: Ag-based Thin Films for Implant Applications. | Modeling of wear parameters and multi-criteria optimization by box-Behnken design of AlCrN thin film against gamma-irradiated Ti6Al4V Counterbody. | Effect of lubricated sliding wear against CFRPEEK on the nanomechanical properties of Ag alloyed Cr/DLC thin film | Lubricated sliding of CFRPEEK/AlCrN film tribo-pair and its effect on the mechanical properties and structural integrity of the AlCrN film | Effect of tribological process parameter on the wear and frictional behaviour of Cr-(CrN/TiN) composite coating: An experimental and analytical study | Effect of Annealing on Structural, Mechanical and Tribological Properties of Cr-(CrN/TiAlN) coating | Mechanical and Scratch Behavior of TiAlN Coated and 3D Printed H13 Tool Steel | Wear assessment of Cr2O3/TiAlN coated DAC-10 tool steel against steel and Al2O3 counterbodies | Comprehensive structural, nanomechanical and tribological evaluation of silver doped DLC thin film coating with chromium interlayer (Ag-DLC/Cr) for biomedical application | Friction and tribological behavior of bare nitrided, TiAlN and AlCrN coated MDC-K hot work tool steel | Design and Analysis of Seven Stage Progressive Tool for Automobile Engine Starter Key | Design and Analysis of Four Stage Progressive Tool for House-wiring Wire Clip | Analysis and Design of Plastic Mold for Male Insulator of Solar Connector using Plastic Advisor 7.0 | Multipurpose Stair Climbing Cylinder Carrier | A machine for producing mechanical test specimen as ASTM standard | Mold with heating coil for fabrication of polymer composite | Polymer Scrivet with Buttress Strand | Magnetic Door Stopper | Polishing Attachments on Conventional Lathe Machine | Desiccant Inserting Machine for Drying Moisture Inside the Blind Hole of an Automobile Component | Polishing set-up on vertical milling machine: An alternate to metallographic polishing machine | Canned drink dispenser | Water trolly for terrains | Leaf Tea Infuser with Double Filtration and Stir | Hot Liquid Dispenser | A Glass Inserting Machine for Spill Guard Shelves of Refrigerator and Method of Assembling Thereof | Comparative study on surface modification of heat-treated hot work tool steel using plasma nitriding and thin film deposition technique | Effect of wear parameters and their optimization for wear characteristics of TiCrN thin film using novel MCDM method | Structural and Corrosion Study of a-C film with Ti, Cr and Ni Interlayers | Relation between mechanical and tribological properties of plasma nitrided and TiCrN coated YXR-7 tool steel | DLC/CrN or AlCrN/CrN Composite Films: The Better Candidate in Terms of Anti-Wear Performance and Lesser Ion Release in Hip Implant | A Comparative Study on Wear Behaviors of Hot Work and Cold Work Tool Steel with Same Hardness under Dry Sliding Tribological Test | Die casting parameters and simulations for crankcase of automobile using MAGMA soft | Status of nickel free stainless steel in biomedical field: A review of last 10 years and what else can be done | Optimization of surface roughness and material removal rate in milling of AISI 1005 carbon steel using Taguchi approach | Effect of heat treatment and TiN coating on AISI O1 cold work tool steel | Box-Behnken Analysis of Surface Modification of Aluminium Alloy AA6061 Using Roller Burnishing. | A Review on Slug Reversal During Punching and Blanking | Design and development of a special purpose machine for glass insertion in plastic frame for spill guard glass shelf assembly of commercial refrigerators | A comparative study of chain clamping fixture with other clamping methods for gate valve body: cycle time and rigidity study. | Optimization of turning process parameters on surface roughness and tool wear rate of biomedical grade stainless steel 316LVM against AlCrN coated tool | Analysis and Design of Multi Impression Split Core, Finger Cam Operated Mold Brass Insert Connector Plug | Conceptualization of Inspection Fixture for Front Axle Beam of a Truck | Switching from Three Simple Tool to Single Progressive Tool for Web-Brake Shoe Production: A Feasibility Study | Effect of Roller Burnishing on Surface Roughness and Micro Hardness of AA6082 Alloy using Box-Behnken Design of Experiment.",,https://orcid.org/0000-0002-0878-1804,https://www.amrita.edu/faculty/sunil-kumar/
Dr. Madhulika Srivastava,"Department of Mechanical Engineering, School of Engineering, Chennai",Professor | Assistant Professor,"B. Tech., M.Tech., Ph.D","Friction surfacing, Water jet technology and related applications, Additive Manufacturing, Mechanical Properties, Residual Stresses, Surface Profiles, Material Characterization","Surface morphology of worn out tool used for friction stir welding of aluminium plates by field emission scanning electron microscope (FESEM) | Role of additive manufacturing in developing functionally graded materials for nuclear applications | Additive manufacturing of Titanium alloy for aerospace applications: Insights into the process, microstructure, and mechanical properties | Application of Bandage Repair Systems In The Power Sector To Restore Pipeline Integrity | Corrosion Behaviour Of Ni–al Coated T23 Weldments At Elevated Temperatures | Submerged Pulsating Water Jet Erosion Of Ductile Material | Comparison of Continuous and Pulsating Water Jet during Piercing of Ductile Material | Design and Analysis of a Low-Cost Electronically Controlled Mobile Ventilator, Incorporating Mechanized AMBU Bag, for Patients during COVID-19 Pandemic | Standoff Distance In Ultrasonic Pulsating Water Jet | Effect Of Periodic Water Clusters Impact On Aisi 304 Welded Surfaces | Utilizing The Water Hammer Effect To Enhance The Mechanical Properties Of Aisi 304 Welded Joints | Effect Of Pressure Of Pulsating Water Jet Moving Along Stair Trajectory On Erosion Depth, Surface Morphology And Microhardness | Investigation Of Sandstone Erosion By Continuous And Pulsed Water Jets | Hydrodynamic Ductile Erosion Of Aluminium By A Pulsed Water Jet Moving In An Inclined Trajectory | Surface Integrity And Residual Stress Analysis Of Pulsed Water Jet Peened Stainless Steel Surfaces | Strengthening Effect After Disintegration Of Stainless Steel Using Pulsating Water Jet. | Optimization And Characterization Of Friction Surfaced Coatings Of Ferrous Alloys | Ultrasonically Generated Pulsed Water Jet Peening Of Austenitic Stainless-steel Surfaces | Residual Stress And Surface Properties Of Stainless Steel Welded Joints Induced By Ultrasonic Pulsed Water Jet Peening | Characterization Of Friction Surfaced Coatings Of Aisi 316 Tool Over High-speed-steel Substrate | Fourier Sine And Cosine Transforms On Boehmian Spaces | Effect Of Different Parameters On Surface Roughness And Material Removal Rate In Abrasive Water Jet Cutting Of Nimonic C263 | Performance Analysis Of Pulsating Water Jet Machining During Disintegration Of Rocks By Means Of Acoustic Emission | Surface Treatment Of Aisi 304 Using Pulsating Water Jet Peening | Effect Of Change In Frequency During Ultrasonic Pulsed Water Jet Treatment Of Austenitic Stainless Steel Surface | Prospective Of Using Pulsating Water Jet Peening As A Surface Treatment Process | Experimental Study On The Depth Of Cut Granite In Pulsating Water-jet | Performance Analysis Of Abrasive Water Jet Machining: A Review | Abrasive Water Jet Machining Of Hard To Machine Materials: A Review | Feasibility Study Of Friction Surfaced Coatings Over Non-ferrous Substrates | Potential Of Using Water Jet Peening As A Surface Treatment Process For Welded Joints | Monitoring Of Acoustic Emission During The Disintegration Of Rock. | Characterization, Mathematical Modelling And Optimization Of Process Parameters Of Friction Surfaced Coating Of Ferrous And Non Ferrous Alloys | Thermal Analysis And Microstructure Changes During Friction Stir Surfacing Of Various Ferrous And Non Ferrous Alloy",s_madhulika@ch.amrita.edu,https://orcid.org/0000-0003-3359-6034,https://www.amrita.edu/faculty/s-madhulika/
Dr. Rishi Kumar,"Department of Mechanical Engineering, School of Engineering, Chennai",Professor | Assistant Professor,"Ph.D., M.Tech., B.Tech","Industry 4.0/Cyber-Physical Production Systems [CPPS] /Smart Manufacturing, Smart Decision Making using Industrial Artificial Intelligence and Digital Twin, Sustainable Manufacturing","An ANN-GA based optimization of process parameters in wirecut electric discharge machining for aluminium, brass and mild steel | Cyber physical production system for smart manufacturing analytics and management: a systematic literature review, framework and roadmap | Modelling and Simultaneous Optimization of Environmental, Economic, and Technological Factors in Machining | Smart Scheduling for Next Generation Manufacturing Systems : A Systematic Literature Review | Development of a cyber physical production system framework for smart tool health management | A Cyber Physical Production System Framework for Online Monitoring, Visualization and Control by using Cloud, Fog, and Edge Computing Technologies | Development of a Cyber Physical Production System Framework for 3D Printing Analytics | Development and Comparison of Machine-Learning Algorithms for Anomaly Detection in 3D Printing using Vibration Data | Low-cost online dimensional quality monitoring in 3D Printing using standardised cyber-physical production architecture | Computer vision-based learning for event modelling in digital twins | Development of a Human Centric Cyber Physical Production System Framework for Enhanced Social Sustainability | Industry 4.0 Readiness Assessment for Micro Small and Medium-Sized Enterprises (MSMEs) | Optimization of Specific Energy, Scrap, and Surface Roughness in 3D Printing Using Integrated ANN-GA Approach | A Blockchain Technology based Framework for Environmental and Social Impact Authenticity of a 3D Printed Product | A Comparative Study on the Life Cycle Assessment of a 3D Printed Product with PLA, ABS & PETG Materials | Development of Machine Learning Algorithm for Characterization and Estimation of Energy Consumption of Various Stages during 3D Printing | Live Life Cycle Assessment Implementation using Cyber Physical Production System Framework for 3D Printed Products | Machine Vision and Radio-Frequency Identification (RFID) based Real-Time Part Traceability in a Learning Factory | Internet of Learning Factories to Support the Teaching & Learning Experience on Distributed Production Systems and Blockchain Networks | A Machine Vision-based Cyber-Physical Production System for Energy Efficiency and Enhanced Teaching-Learning Using a Learning Factory | Development of a Decision Support System for 3D Printing Processes based on Cyber Physical Production Systems | Experimental Investigation and Optimization of TIG Welding Parameters on Aluminum 6061 Alloy Using Firefly Algorithm | Analysis of Laminated Composite Using MATLAB | Modeling and Optimization of Milling Parameters on Al-6061 Alloy Using Multi-Objective Genetic Algorithm | Modeling and optimization of end milling parameters on aluminum 6061 alloy using GRA based Taguchi method coupled with PCA | Simultaneous Optimization of Power Consumption and Surface Roughness in Machining Using NSGA-II and Weighted Sum Method",k_rishi@ch.amrita.edu,https://orcid.org/0000-0002-5745-8747,https://www.amrita.edu/faculty/rishi-kumar/
Dr. Piyush Pratap Singh,"Department of Mechanical Engineering, School of Engineering, Chennai",Professor | Assistant Professor,"B. Tech., Ph.D","Functionally Graded Material, Solid Mechanics, Vibration of Plate, Buckling of Plate, Nanoplate, Soil Foundation, Autonomus Vehicle","Cyber-Physical System Design For IoT-Enabled Smart Walkers For Assisted Mobility | Automated Rule-Based EV Charging Station Allocation | Analysis of Stress Intensity Factors in Semi-Elliptical and Semi-Circular Surface Cracked Plates | Design and Analysis of A Novel Wind Turbine for Harnessing Wind Energy in Urban Spaces | Detection of Suicidal Ideation in Code-Mixed Hindi-English Social Media Text | A Low-Cost, Human-Centered, Voice-Guided Automated Pill Dispenser for Assistive Medication Management | Human-Centric, Low-Cost Smart Mobility Aid for Elderly and Differently-Abled Individuals in Assisted Living Environments | Tumbleweed-Inspired Autonomous Seeding Robot with Tensegrity Structure and Reinforcement Learning Control | Vibration Analysis of a Thin Elliptical Plate Resting on Winkler Foundation in Hygrothermal Environment Conditions | Analysis of free vibration of nano plate resting on Winkler foundation | Effect of nonlocal parameter, aspect ratio and boundary condition on FG nano plate | Free vibration of levy nano plate resting on Winkler Foundation | Stair and obstacle climbing stretcher | Multipurpose Travel Trolley with Child bearing portable seat | Multipurpose Stair Climbing Cylinder Carrier | A Smart material fabrication method for handling deflection suppression of plates | Bending analysis of functionally graded plates resting on elastic foundation: A Rayleigh-Ritz approach and ANN method | Free vibration and buckling analysis of elastically supported transversely inhomogeneous functionally graded nanoplate in thermal environment using Rayleigh–Ritz method | Size dependent vibration of embedded functionally graded nanoplate in hygrothermal environment by Rayleigh-Ritz method | Buckling and free vibration characteristics of embedded inhomogeneous functionally graded elliptical plate in hygrothermal environment | Size-dependent natural frequencies of functionally graded plate with out of plane material inhomogeneity using Eringen’s theory of nonlocal elasticity | Vibration analysis of a thin functionally graded plate having an out of plane material inhomogeneity resting on Winkler–Pasternak foundation under different combinations of boundary conditions | A comparison of vibroacoustic response of isotropic plate with attached discrete patches and point masses having different thickness variation with different taper ratios.",s_piyushpratap@ch.amrita.edu,https://orcid.org/0000-0001-5992-664X,https://www.amrita.edu/faculty/dr-piyush-pratap-singh/
Dr. Dev Kunwar Singh Chauhan,"Department of Mechanical Engineering, School of Engineering, Chennai",Professor | Assistant Professor,"Ph.D., M. Tech., B. Tech","Robotics, Parallel and Serial Manipulators, Machine Design, Soft computing, Machine learning, Exoskeleton, Mobile Robot, VR, AR, and MR (XR), Physical AI",Machine Learning Based Automated Industrial-Grade Hospital Waste Segregation Cyber-Physical System for Sustainable Healthcare | A Position-Based Motion Controller for RSS-type Stewart Platform Parallel Manipulator | A Hybrid MCIWO-NN Forward Kinematics Estimator for the Stewart Platform | Design Establishment of a Dual Arm Mobile Robotic Platform along with Mathematical Modelling for Warehouse Operations | Tracking of Special Objects with Parallel Manipulator using Inverse Kinematics Approach | Development of Spatial Path Tracking Algorithm and Controller for a 6‐SPS Stewart Parallel Manipulator: A Simulation and Experimental Study | Design of Computer Vision Assisted Machine Learning Based Controller for the Stewart Platform to Track Spatial Objects | Design of Neural Network-Based Adaptive Inverse Dynamics Controller for Motion Control of Stewart Platform | Forward Kinematics of the Stewart Parallel Manipulator Using Machine Learning,c_devsingh@ch.amrita.edu,https://orcid.org/0000-0002-1466-4567,https://www.amrita.edu/faculty/c-devsingh/
Dr. Sanchanna Ganesan,"Department of Mechanical Engineering, School of Engineering, Chennai",Professor | Assistant Professor,"Ph.D., M.Tech., B.E.",,Dielectric Modeling of Staphylococcus Aureus Bacteria and Shape Optimization of Electrodes for Isolation in Microfluidic Channel: A Numerical Study | Investigation of fluid–structure interaction of micropillars in a three-dimensional microfluidic DLD array | An Overview of Microfluidic Phenotype Separation of Bacteria | Quality Factor of a Microchannel Microresonator as a Function of Viscosity and Its Vibrational Mode: An Experimental and Computational Analysis | Computational analysis on design and optimization of microfluidic channel for the separation of Staphylococcus aureus from blood using dielectrophoresis | Paper based MEMS Sensor for Bacteria Detection in Food | Computational Design and Development of On-Board Device for Driver’s Health Monitoring using Microfluidic Technology,g_sanchana@ch.amrita.edu,,https://www.amrita.edu/faculty/sanchanna-ganesan/
Dr. S. Shriram,"Department of Mechanical Engineering, School of Engineering, Chennai",Professor | Assistant Professor,"BE, M.Tech., Ph.D","Indoor Air Quality, Human Physiology, Thermal comfort, Energy Efficient Buildings",Towards Healthier Workspaces: IoT-Based Thermal Comfort and IAQ Monitoring | Energy Efficient IAQ Management Using Low Cost Sensors and IoT | Real-Time Indoor CO2 Forecasting via Occupancy-Aware Long Short-Term Memory Models | A Low-cost Monitoring System for Enhanced Indoor Air Quality inside Built environment | A parametric study on adaptive ventilation design strategy in ductless split air-conditioned workspaces | IoT-Enabled Feedback System for Monitoring Indoor Air Quality in Laboratory Environments | Effect of occupant-induced indoor CO2 concentration and bioeffluents on human physiology using a spirometric test | Assessment of CO2-based demand controlled ventilation requirement for a flexible work environment with ductless split air conditioners,,,https://www.amrita.edu/faculty/shriram-s/
Dr. A. K. Hemnath,"Department of Mechanical Engineering, Amrita School of Engineering, Chennai",Professor | Assistant Professor,Ph.D.,"Additive Manufacturing (AM), High Temperature Coating, Hot Corrosion",Mechanical and Biological Performance of Resorbable Composite Materials in Hard Tissue Engineering | Design and analysis of gradient lattice structures for light weight applications | A New Method for Part Consolidation and Functional Integration | Assessment of Shape Descriptors for Distortion Prediction in Powder Bed Fusion Process | Tailored Support Structures for Additive Manufacturing | Distortion in Metal Additive Manufactured Parts | On Modeling the Thermal Behavior of Single and Quad Laser Melting of Powdered Nickel Alloy | Distortion Assesment in powder bed fusion process using shape descriptors | Femtosecond Laser-Based Additive Manufacturing: Current Status and Perspectives | Faster temperature prediction in the powder bed fusion process through the development of a surrogate model. | Data-Driven Prediction Of Distortion In Inconel 625 Lattice Structures Fabricated Using Powder Bed Fusion Process,,https://orcid.org/my-orcid?orcid=0000-0001-6191-4656,https://www.amrita.edu/faculty/hemnath/
